id,region,year,organization,category,title_ja,title_en,language,url,landing_url,doi,notes
jscva2025-chd-noncardiac-surgery,JP,2025,日本心臓血管麻酔学会 使用指針作成委員会,その他,先天性心疾患患者の非心臓手術における（麻酔管理）指針（2025年7月15日版）,JSCVA Guidance on Anesthetic Management of Patients with Congenital Heart Disease Undergoing Non-Cardiac Surgery (2025),ja,https://www.jscva.org/uploads/userfiles/files/%E5%85%88%E5%A4%A9%E6%80%A7%E5%BF%83%E7%96%BE%E6%82%A3%E6%82%A3%E8%80%85%E3%81%AE~%EF%BC%882025_7_15%E7%89%88%EF%BC%89.pdf,https://www.jscva.org/,,Exact title truncated in search index; URL literal (percent-encoded Japanese filename).
jcs2024-diversity,JP,2024,日本循環器学会 / 日本心臓病学会 / 日本心臓リハビリテーション学会 / 日本胸部外科学会,その他,2024年改訂版 多様性に配慮した循環器診療ガイドライン,"JCS/JCC/JACR/JATS 2024 Guideline on Cardiovascular Practice With Consideration for Diversity, Equity, and Inclusion",ja,https://www.j-circ.or.jp/cms/wp-content/uploads/2024/03/JCS2024_Tsukada_Tetsuo.pdf,https://www.j-circ.or.jp/jcs2024_tsukada_tetsuo_supple/,,"Listed on JSPCCS guideline page (covers pediatric/ACHD, pregnancy, transition). j-circ URL reported in search summary; errata literal: .../2024/03/JCS2024_Tsukada_Tetsuo_errata.pdf. English: Circ J 2025;89(5) CJ-23-0890."
jcs2021-cardiac-rehabilitation,JP,2021,日本循環器学会 / 日本心臓リハビリテーション学会 ほか,その他,2021年改訂版 心血管疾患におけるリハビリテーションに関するガイドライン,JCS/JACR 2021 Guideline on Rehabilitation in Patients With Cardiovascular Disease,ja,https://www.j-circ.or.jp/cms/wp-content/uploads/2021/03/JCS2021_Makita.pdf,https://www.j-circ.or.jp/guideline/guideline-series/,,班長 牧田茂. Includes pediatric/CHD rehabilitation section. URL literal from search index. Mirror: https://www.jacr.jp/cms/wp-content/uploads/2015/04/JCS2021_Makita2.pdf
jpic2024-catheter-indication,JP,2024,日本Pediatric Interventional Cardiology学会（JPIC）,カテーテル治療,2024年改訂版 先天性および小児期発症心疾患に対するカテーテル治療の適応ガイドライン,2024 Revised Guidelines for Indications of Catheter Interventions in Congenital and Pediatric-Onset Heart Disease (JPIC),ja,http://www.jpic-meeting.org/pdf/guideline_catheter-v2.pdf,http://www.jpic-meeting.org/,,Published 2025 (pp.1-80). URL literal from search index. Previous edition: http://www.jpic-meeting.org/pdf/guideline_catheter.pdf
jcs2021-catheter-chd-shd,JP,2021,日本循環器学会 合同研究班,カテーテル治療,2021年改訂版 先天性心疾患、心臓大血管の構造的疾患（structural heart disease）に対するカテーテル治療のガイドライン,JCS 2021 Guideline on Transcatheter Therapy for Congenital Heart Disease and Structural Heart Disease,ja,https://www.j-circ.or.jp/guideline/guideline-series/,https://www.j-circ.or.jp/guideline/guideline-series/,,Issued 2021-03-27. Direct PDF filename could not be located via search (expected under /cms/wp-content/uploads/2021/03/JCS2021_<chair>.pdf). Landing page only.
jspccs2020-cath-nursing-care,JP,2020,日本小児循環器学会（看護・ケア関連）,カテーテル治療,小児心臓カテーテル検査・治療後の安全・安楽のための看護ケアガイドライン,Nursing Care Guideline for Safety and Comfort after Pediatric Cardiac Catheterization,ja,https://jspccs.jp/wp-content/uploads/20230515_guideline_202002.pdf,https://jspccs.jp/publication/guideline/,,Filename suggests Feb 2020 version uploaded 2023-05-15. URL literal from search index.
jcs2014-catheter-chd-shd,JP,2014,日本循環器学会 / 日本小児循環器学会 / 日本Pediatric Interventional Cardiology学会 ほか,カテーテル治療,2014年版 先天性心疾患、心臓大血管の構造的疾患（structural heart disease）に対するカテーテル治療のガイドライン,Guidelines for Catheter Intervention in Congenital Heart Disease and Structural Heart Disease (JCS 2014),ja,https://plaza.umin.ac.jp/~jscvs/wordpress/wp-content/uploads/2020/06/JCS2014_nakanishi_h.pdf,https://jscvs.or.jp/guidelines/,,班長 中西敏雄. JSCVS mirror URL literal in search; j-circ original expected at /old/guideline/pdf/JCS2014_nakanishi_h.pdf. Superseded by 2021 edition.
jpic-catheter-indication-1st,JP,2012,日本Pediatric Interventional Cardiology学会（JPIC）,カテーテル治療,先天性および小児期発症心疾患に対するカテーテル治療の適応ガイドライン（初版）,"Guidelines for Indications of Catheter Interventions in Congenital and Pediatric-Onset Heart Disease (JPIC, 1st edition)",ja,http://www.jpic-meeting.org/pdf/guideline_catheter.pdf,http://www.jpic-meeting.org/,,Year uncertain (approx.); superseded by 2024 revision.
jcs2026-inherited-arrhythmia,JP,2026,日本循環器学会 / 日本不整脈心電学会 ほか,不整脈,2026年改訂版 遺伝性不整脈の診療に関するガイドライン,JCS/JHRS 2026 Guideline on Diagnosis and Management of Inherited Arrhythmias,ja,https://www.j-circ.or.jp/cms/wp-content/uploads/2026/03/JCS2026_Makiyama.pdf,https://www.j-circ.or.jp/guideline/guideline-series/,,班長 牧山武. URL literal from search index.
jcs2024-arrhythmia-fu-en,JP,2025,"Japanese Circulation Society / JHRS (Circulation Journal, J-STAGE)",不整脈,（英語版）2024年 JCS/JHRS ガイドライン フォーカスアップデート版 不整脈治療,JCS/JHRS 2024 Guideline Focused Update on Management of Cardiac Arrhythmias (Circ J 2025;89(7)),en,https://www.jstage.jst.go.jp/article/circj/advpub/0/advpub_CJ-24-0073/_pdf/-char/en,https://www.jstage.jst.go.jp/article/circj/89/7/89_CJ-24-0073/_html/-char/en,,URL literal from search index. DOI 10.1253/circj.CJ-24-0073.
jcs2024-arrhythmia-fu,JP,2024,日本循環器学会 / 日本不整脈心電学会,不整脈,2024年 JCS/JHRS ガイドライン フォーカスアップデート版 不整脈治療,JCS/JHRS 2024 Guideline Focused Update on Management of Cardiac Arrhythmias,ja,https://www.j-circ.or.jp/cms/wp-content/uploads/2024/03/JCS2024_Iwasaki.pdf,https://www.j-circ.or.jp/topics/202403glmovie/,,"班長 岩崎雄樹. URL literal from search index. English PDF: https://www.jstage.jst.go.jp/article/circj/advpub/0/advpub_CJ-24-0073/_pdf/-char/en (literal), PMC12168493."
jcs2022-arrhythmia-diagnosis-risk,JP,2022,日本循環器学会 / 日本不整脈心電学会,不整脈,2022年改訂版 不整脈の診断とリスク評価に関するガイドライン,JCS/JHRS 2022 Guideline on Diagnosis and Risk Assessment of Arrhythmia,ja,https://www.j-circ.or.jp/cms/wp-content/uploads/2022/03/JCS2022_Takase.pdf,https://www.j-circ.or.jp/guideline/guideline-series/,,"班長 高瀬凡平. Revises 2010 SCD-prediction guideline; covers school-age/pediatric risk. English: Circ J advpub CJ-22-0827 (https://www.jstage.jst.go.jp/article/circj/advpub/0/advpub_CJ-22-0827/_pdf/-char/en), PMC11317726."
jcs2021-nonpharm-arrhythmia-fu,JP,2021,日本循環器学会 / 日本不整脈心電学会,不整脈,2021年 JCS/JHRS ガイドライン フォーカスアップデート版 不整脈非薬物治療,JCS/JHRS 2021 Guideline Focused Update on Non-Pharmacotherapy of Cardiac Arrhythmias,ja,https://www.j-circ.or.jp/cms/wp-content/uploads/2021/03/JCS2021_Kurita_Nogami.pdf,https://www.j-circ.or.jp/guideline/guideline-series/,,URL literal from search index.
jcs2020-arrhythmia-pharmacotherapy,JP,2020,日本循環器学会 / 日本不整脈心電学会,不整脈,2020年改訂版 不整脈薬物治療ガイドライン,JCS/JHRS 2020 Guideline on Pharmacotherapy of Cardiac Arrhythmias,ja,https://www.j-circ.or.jp/cms/wp-content/uploads/2020/01/JCS2020_Ono.pdf,https://www.j-circ.or.jp/old/guideline/20200313_guideline.htm,,班長 小野克重. Includes pediatric arrhythmia pharmacotherapy chapter. English: J Arrhythm 2022 (PMC9745564).
jcs2018-nonpharm-arrhythmia,JP,2018,日本循環器学会 / 日本不整脈心電学会,不整脈,不整脈非薬物治療ガイドライン（2018年改訂版）,JCS/JHRS 2018 Guideline on Non-Pharmacotherapy of Cardiac Arrhythmias,ja,https://www.j-circ.or.jp/cms/wp-content/uploads/2018/07/JCS2018_kurita_nogami.pdf,https://www.j-circ.or.jp/guideline/guideline-series/,,班長 栗田隆志・野上昭彦. Includes pediatric/CHD device therapy sections. URL literal from search index.
jcs2017-inherited-arrhythmia,JP,2017,日本循環器学会 / 日本不整脈心電学会 ほか,不整脈,遺伝性不整脈の診療に関するガイドライン（2017年改訂版）,Guidelines for Diagnosis and Management of Inherited Arrhythmias (JCS 2017),ja,https://www.j-circ.or.jp/cms/wp-content/uploads/2017/12/JCS2017_aonuma_h.pdf,https://www.j-circ.or.jp/guideline/guideline-series/,,班長 青沼和隆. Digest: https://www.j-circ.or.jp/cms/wp-content/uploads/2017/12/JCS2017_aonuma_d.pdf. Superseded by 2026 edition.
jcs2012-syncope-digest,JP,2012,日本循環器学会 合同研究班,不整脈,【ダイジェスト版】失神の診断・治療ガイドライン（2012年改訂版）,Guidelines for Diagnosis and Management of Syncope (JCS 2012) - Digest Version,ja,https://www.j-circ.or.jp/cms/wp-content/uploads/2020/02/JCS2012_inoue_d-1.pdf,https://www.j-circ.or.jp/guideline/guideline-series/,,班長 井上博. Relevant to school heart screening / pediatric syncope. URL literal from search index.
jcs2010-sudden-cardiac-death,JP,2010,日本循環器学会 合同研究班,不整脈,心臓突然死の予知と予防法のガイドライン（2010年改訂版）,Guidelines for Risks and Prevention of Sudden Cardiac Death (JCS 2010),ja,https://j-circ.or.jp/old/guideline/pdf/JCS2010aizawa.h.pdf,https://www.j-circ.or.jp/guideline/guideline-series/,,班長 相澤義房. Relevant to school screening / pediatric SCD. Mirror: https://plaza.umin.ac.jp/~jscvs/wordpress/wp-content/uploads/2020/06/JCS2010aizawa.h.pdf. Superseded by 2022 arrhythmia diagnosis guideline.
jspccs-pediatric-arrhythmia,JP,2010,日本小児循環器学会「小児不整脈の診断・治療に関する検討委員会」,不整脈,小児不整脈の診断・治療ガイドライン,Guidelines for Diagnosis and Treatment of Pediatric Arrhythmias (JSPCCS),ja,https://jspccs.jp/wp-content/uploads/guideline_cure.pdf,https://jspccs.jp/publication/guideline/,,"委員長 住友直方. Year approximate (published in 日本小児循環器学会雑誌 supplement, c. 2010). URL literal from search index."
jspccs2023-chd-surgery-centralization,JP,2023,日本小児循環器学会 / 日本心臓血管外科学会 / 日本胸部外科学会,外科治療,先天性心疾患の手術を行う施設の集約化（地域拠点化）に関する提言,Statement on Regionalization/Centralization of Congenital Heart Surgery Facilities in Japan,ja,https://jspccs.jp/publication/guideline/,https://jspccs.jp/publication/guideline/,,Direct PDF not found by search; landing page lists the statement.
jcs2026-pregnancy-fu,JP,2026,日本循環器学会 / 日本産科婦人科学会,妊娠・出産,2026年 JCS/JSOG ガイドライン フォーカスアップデート版 心血管疾患患者の妊娠・出産の適応と診療,JCS/JSOG 2026 Guideline Focused Update on Pregnancy and Delivery in Women with Cardiovascular Disease,ja,https://www.j-circ.or.jp/cms/wp-content/uploads/2026/03/JCS2026_Kamiya_Katsuragi.pdf,https://www.j-circ.or.jp/guideline/guideline-series/,,班長 神谷千津子・桂木真司. Issued 2026-03-20. URL literal from search index.
jcs2018-pregnancy-heart-disease,JP,2018,日本循環器学会 / 日本産科婦人科学会 ほか,妊娠・出産,心疾患患者の妊娠・出産の適応、管理に関するガイドライン（2018年改訂版）,JCS/JSOG 2018 Guideline on Indication and Management of Pregnancy and Delivery in Women with Heart Disease,ja,https://www.j-circ.or.jp/cms/wp-content/uploads/2018/06/JCS2018_akagi_ikeda.pdf,https://www.j-circ.or.jp/guideline/guideline-series/,,班長 赤木禎治・池田智明. URL literal from search index. Minds entry c00572.
jcs2010-pregnancy-en,JP,2012,"Japanese Circulation Society (Circulation Journal, J-STAGE)",妊娠・出産,（英語版）心疾患患者の妊娠・出産の適応、管理に関するガイドライン（2010年改訂版）,Guidelines for Indication and Management of Pregnancy and Delivery in Women With Heart Disease (JCS 2010) (Circ J 2012;76:240-260),en,https://www.jstage.jst.go.jp/article/circj/76/1/76_CJ-88-0023/_pdf,https://www.jstage.jst.go.jp/article/circj/76/1/76_CJ-88-0023/_article,,URL literal from search index. Older edition; no English translation of the 2018 edition was found.
jcs2025-school-heart-screening-fu,JP,2025,日本循環器学会 / 日本小児循環器学会,学校・スポーツ,2025年 JCS/JSPCCS ガイドライン フォーカスアップデート版 学校心臓検診,JCS/JSPCCS 2025 Guideline Focused Update on Heart Disease Screening in Schools,ja,https://www.j-circ.or.jp/cms/wp-content/uploads/2025/03/JCS2025_Iwamoto.pdf,https://www.j-circ.or.jp/guideline/guideline-series/,,班長 岩本眞理. Issued 2025-03-29. URL literal from search index.
jspccs2024-school-screening-digitalization,JP,2024,日本小児循環器学会 ほか5学会,学校・スポーツ,学校心臓検診のデジタル化に関する提言（5学会合同提言、2024年11月）,"Statement on Digitalization of School Heart Screening (5-society joint statement, Nov 2024)",ja,https://jspccs.jp/publication/guideline/,https://jspccs.jp/publication/guideline/,,Direct PDF not found by search; landing page lists the statement.
gakkohoken2020-school-life-management,JP,2021,公益財団法人 日本学校保健会,学校・スポーツ,心疾患児 学校生活管理指導のしおり（令和2年度改訂）,Guide to School Life Management for Children with Heart Disease (2020 revision),ja,https://www.gakkohoken.jp/book/ebook/ebook_R030010/,https://www.gakkohoken.jp/books/archives/249,,E-book landing (学校生活管理指導表 explanation). Older PDF edition (2001): https://www.gakkohoken.jp/book/ebook/ebook_H130030/H130030.pdf
jcs2016-school-heart-screening-digest-en,JP,2018,"Japanese Circulation Society / JSPCCS (Circulation Journal, J-STAGE)",学校・スポーツ,（英語版ダイジェスト）2016年版 学校心臓検診のガイドライン,Guidelines for Heart Disease Screening in Schools (JCS 2016/JSPCCS 2016) - Digest Version (Circ J 2018;82(9)),en,https://www.jstage.jst.go.jp/article/circj/82/9/82_CJ-66-0153/_pdf,https://www.jstage.jst.go.jp/article/circj/82/9/82_CJ-66-0153/_article,,PDF path derived from J-STAGE article page (standard /_pdf).
jcs2016-school-heart-screening,JP,2016,日本循環器学会 / 日本小児循環器学会,学校・スポーツ,2016年版 学校心臓検診のガイドライン,Guidelines for Heart Disease Screening in Schools (JCS 2016/JSPCCS 2016),ja,https://www.j-circ.or.jp/old/guideline/pdf/JCS2016_sumitomo_h.pdf,https://www.j-circ.or.jp/guideline/guideline-series/,,班長 住友直方. URL literal from search index. Digest: https://www.j-circ.or.jp/cms/wp-content/uploads/2020/02/JCS2016_sumitomo_d.pdf
jcs2016-school-heart-screening-digest,JP,2016,日本循環器学会 / 日本小児循環器学会,学校・スポーツ,【ダイジェスト版】2016年版 学校心臓検診のガイドライン,Guidelines for Heart Disease Screening in Schools (JCS 2016/JSPCCS 2016) - Digest Version,ja,https://www.j-circ.or.jp/cms/wp-content/uploads/2020/02/JCS2016_sumitomo_d.pdf,https://www.j-circ.or.jp/guideline/guideline-series/,,URL literal from search index.
jcs2008-exercise-eligibility,JP,2008,日本循環器学会 合同研究班,学校・スポーツ,心疾患患者の学校、職域、スポーツにおける運動許容条件に関するガイドライン（2008年改訂版）,"Guidelines on Exercise Eligibility for Patients with Heart Disease in School, Workplace and Sports (JCS 2008)",ja,https://www.j-circ.or.jp/guideline/guideline-series/,https://www.j-circ.or.jp/guideline/guideline-series/,,班長 長嶋正實. Direct PDF not located by search (expected /old/guideline/pdf/JCS2008_nagashima_h.pdf). Landing only.
jspccs2020-kawasaki-acute-en,JP,2021,Japanese Society of Pediatric Cardiology and Cardiac Surgery (J-STAGE),川崎病,（英語版）川崎病急性期治療のガイドライン（2020年改訂版）,Guidelines for Medical Treatment of Acute Kawasaki Disease (2020 Revised Version) - J Pediatr Cardiol Card Surg 5(1):41-73 (2021),en,https://www.jstage.jst.go.jp/article/jpccs/5/1/5_0501G1/_pdf,https://www.jstage.jst.go.jp/article/jpccs/5/1/5_0501G1/_article,,PDF URL literal from search index (title matched 'Journal of Pediatric Cardiology and Cardiac Surgery 5(1): 41-73 (2021)'). Content identity as the Kawasaki guideline English version inferred from page range; confirm.
jcs2020-kawasaki-sequelae,JP,2020,日本循環器学会 / 日本心臓血管外科学会 ほか,川崎病,2020年改訂版 川崎病心臓血管後遺症の診断と治療に関するガイドライン,JCS/JSCS 2020 Guideline on Diagnosis and Management of Cardiovascular Sequelae in Kawasaki Disease,ja,https://www.j-circ.or.jp/cms/wp-content/uploads/2020/02/JCS2020_Fukazawa_Kobayashi.pdf,https://www.j-circ.or.jp/old/guideline/20200313_guideline.htm,,班長 深澤隆治・小林徹. Also at https://www.j-circ.or.jp/old/guideline/pdf/JCS2020_Fukazawa_Kobayashi.pdf
jcs2020-kawasaki-sequelae-en,JP,2020,"Japanese Circulation Society (Circulation Journal, J-STAGE)",川崎病,（英語版）2020年改訂版 川崎病心臓血管後遺症の診断と治療に関するガイドライン,JCS/JSCS 2020 Guideline on Diagnosis and Management of Cardiovascular Sequelae in Kawasaki Disease (Circ J 2020;84:1348-1407),en,https://www.jstage.jst.go.jp/article/circj/84/8/84_CJ-19-1094/_pdf,https://www.jstage.jst.go.jp/article/circj/84/8/84_CJ-19-1094/_article,,PDF path derived from J-STAGE article page (standard /_pdf). DOI 10.1253/circj.CJ-19-1094. PubMed 32641591.
jspccs2020-kawasaki-acute,JP,2020,日本小児循環器学会,川崎病,川崎病急性期治療のガイドライン（2020年改訂版）,"Guidelines for Medical Treatment of Acute Kawasaki Disease (2020 Revised Version), JSPCCS",ja,https://jpccs.jp/10.9794/jspccs.36.S1.1/data/index.pdf,https://jpccs.jp/10.9794/jspccs.36.S1.1/data/index.html,,日本小児循環器学会雑誌 36(S1): S1.1-S1.29 (2020). PDF URL literal from search index.
jskd2019-kawasaki-diagnosis-6th,JP,2019,日本川崎病学会 / 日本川崎病研究センター / 厚生労働科学研究 難治性血管炎に関する調査研究班,川崎病,川崎病診断の手引き 改訂第6版,"Diagnostic Guidelines for Kawasaki Disease, 6th Revised Edition",ja,https://jskd.jp/wp-content/uploads/2022/10/tebiki201906.pdf,https://www.jskd.jp/%E5%B7%9D%E5%B4%8E%E7%97%85%E9%96%A2%E9%80%A3%E6%83%85%E5%A0%B1/%E8%A8%BA%E6%96%AD%E3%81%AE%E6%89%8B%E5%BC%95%E3%81%8D/,,Revised May 2019. URL literal from search index.
jcs2025-heart-failure,JP,2025,日本循環器学会 / 日本心不全学会,心不全,2025年改訂版 心不全診療ガイドライン,JCS/JHFS 2025 Guideline on Diagnosis and Treatment of Heart Failure,ja,https://www.j-circ.or.jp/cms/wp-content/uploads/2025/03/JCS2025_Kato.pdf,https://www.j-circ.or.jp/guideline/guideline-series/,,班長 加藤真帆人ほか. Adult-focused; includes ACHD/pediatric-onset HF sections. URL literal from search index. English: Circ J advpub CJ-25-0002.
jcs2023-myocarditis,JP,2023,日本循環器学会 合同研究班,心不全,2023年改訂版 心筋炎の診断・治療に関するガイドライン,JCS 2023 Guideline on the Diagnosis and Treatment of Myocarditis,ja,https://www.j-circ.or.jp/cms/wp-content/uploads/2023/03/JCS2023_nagai.pdf,https://minds.jcqhc.or.jp/summary/c00776/,,"班長 永井利幸. Includes pediatric myocarditis section; listed on JSPCCS page. English: Circ J 2023;87:674-754 (https://www.jstage.jst.go.jp/article/circj/87/5/87_CJ-22-0696/_pdf), Minds e00098."
jcs2021-implantable-vad,JP,2021,日本循環器学会 / 日本心臓血管外科学会 / 日本胸部外科学会 / 日本血管外科学会,心不全,2021年改訂版 重症心不全に対する植込型補助人工心臓治療ガイドライン,JCS/JSCVS/JATS/JSVS 2021 Guideline on Implantable Left Ventricular Assist Device for Patients With Advanced Heart Failure,ja,https://www.j-circ.or.jp/cms/wp-content/uploads/2021/03/JCS2021_Ono_Yamaguchi.pdf,https://www.j-circ.or.jp/guideline/guideline-series/,,班長 小野稔・山口修. Includes pediatric VAD (EXCOR) section. Listed on JSPCCS guideline page. URL literal from search index.
jcs2018-cardiomyopathy,JP,2018,日本循環器学会 / 日本心不全学会,心不全,心筋症診療ガイドライン（2018年改訂版）,JCS/JHFS 2018 Guideline on the Diagnosis and Treatment of Cardiomyopathies,ja,https://www.j-circ.or.jp/cms/wp-content/uploads/2018/08/JCS2018_tsutsui_kitaoka.pdf,https://www.j-circ.or.jp/guideline/guideline-series/,,班長 筒井裕之・北岡裕章. Includes pediatric cardiomyopathy chapter; listed on JSPCCS page. j-circ URL reported in search summary; literal mirror: https://plaza.umin.ac.jp/~jscvs/wordpress/wp-content/uploads/2020/06/JCS2018_tsutsui_kitaoka.pdf
jcs2016-heart-transplant-statement,JP,2016,日本循環器学会 / 日本心臓病学会 / 日本心臓血管外科学会 / 日本心不全学会 ほか,心不全,心臓移植に関する提言（2016年版）,Statement on Heart Transplantation (JCS 2016),ja,https://www.j-circ.or.jp/old/guideline/pdf/JCS2016_isobe_h.pdf,https://www.j-circ.or.jp/guideline/guideline-series/,,班長 磯部光章. Includes pediatric heart transplantation. Mirror: https://jscvs.or.jp/wp-content/uploads/2020/06/JCS2016_isobe_h.pdf
jspccs2015-pediatric-heart-failure-drug,JP,2015,日本小児循環器学会,心不全,小児心不全薬物治療ガイドライン（平成27年/2015年改訂版）,The Clinical Guideline for Medical Treatment of Pediatric Heart Failure (JSPCCS 2015),ja,https://jspccs.jp/wp-content/uploads/31-S2-1.pdf,https://jpccs.jp/10.9794/jspccs.31.S2_1/data/index.html,,日本小児循環器学会雑誌 31(S2) (2015). URL literal from search index.
jspccs2006-pediatric-acute-myocarditis,JP,2006,日本小児循環器学会 学術委員会,心不全,小児期急性・劇症心筋炎の診断と治療の指針,Guidance on Diagnosis and Treatment of Acute and Fulminant Myocarditis in Children (JSPCCS),ja,https://jspccs.jp/wp-content/uploads/j2204_514.pdf,https://jspccs.jp/publication/guideline/,,日本小児循環器学会雑誌 22(4) (2006). URL literal from search index.
jcs2017-infective-endocarditis-en,JP,2019,"Japanese Circulation Society (Circulation Journal, J-STAGE)",感染性心内膜炎,（英語版）感染性心内膜炎の予防と治療に関するガイドライン（2017年改訂版）,JCS 2017 Guideline on Prevention and Treatment of Infective Endocarditis (Circ J 2019;83:1767-1809),en,https://www.jstage.jst.go.jp/article/circj/83/8/83_CJ-19-0549/_pdf,https://minds.jcqhc.or.jp/summary/e00077/,,PDF URL literal from search index. DOI 10.1253/circj.CJ-19-0549.
jcs2017-infective-endocarditis,JP,2017,日本循環器学会 合同研究班,感染性心内膜炎,感染性心内膜炎の予防と治療に関するガイドライン（2017年改訂版）,JCS 2017 Guideline on Prevention and Treatment of Infective Endocarditis,ja,https://www.j-circ.or.jp/old/guideline/pdf/JCS2017_nakatani_h.pdf,https://minds.jcqhc.or.jp/summary/c00653/,,班長 中谷敏. Full-version path follows the /old/guideline/pdf/ pattern seen for sibling files (search snippet cited legacy j-circ.or.jp/guideline/pdf/JCS2017_nakatani_h.pdf). Supplement page: https://www.j-circ.or.jp/jcs2017_nakatani_supple/. A 2026 revision (JCS 2026 IE) exists on J-STAGE advpub CJ-25-0987.
jcs2017-infective-endocarditis-digest,JP,2017,日本循環器学会,感染性心内膜炎,【ダイジェスト版】感染性心内膜炎の予防と治療に関するガイドライン（2017年改訂版）,JCS 2017 Guideline on Prevention and Treatment of Infective Endocarditis - Digest Version,ja,https://www.j-circ.or.jp/cms/wp-content/uploads/2020/02/JCS2017_nakatani_d.pdf,https://www.j-circ.or.jp/guideline/guideline-series/,,URL literal from search index.
jcs2025-achd,JP,2025,日本循環器学会 / 日本小児循環器学会 / 日本成人先天性心疾患学会,総合/ACHD,2025年改訂版 成人先天性心疾患診療ガイドライン,JCS/JSPCCS/JSACHD 2025 Guideline on Management of Adult Congenital Heart Disease,ja,https://www.j-circ.or.jp/cms/wp-content/uploads/2025/03/JCS2025_Yamagishi.pdf,https://www.j-circ.or.jp/guideline/guideline-series/,,班長 山岸敬幸. Main PDF filename INFERRED from the literal errata URL https://www.j-circ.or.jp/cms/wp-content/uploads/2025/03/JCS2025_Yamagishi_errata.pdf (JCS naming convention). Needs confirmation.
jsachd-domestic-guidelines-statements,JP,2023,日本成人先天性心疾患学会,総合/ACHD,日本成人先天性心疾患学会 ガイドライン・提言（国内）一覧（愛媛宣言2023、COVID-19対応、臓器移植 ほか）,"JSACHD Domestic Guidelines and Statements (incl. 2023 Ehime Declaration on organ transplantation for ACHD, COVID-19 statement)",ja,https://www.jsachd.org/guideline/domestic/,https://www.jsachd.org/guideline/,,Landing page only; individual statement PDFs were not surfaced by search.
achd-transition-teigen-2022,JP,2022,日本循環器学会 先天性心疾患の移行医療に関する横断的検討委員会（日本小児循環器学会・日本成人先天性心疾患学会ほか8学会）,総合/ACHD,先天性心疾患の成人への移行医療に関する提言（8学会合同提言、2022年3月改訂版）,"Statement on Transition of Care for Congenital Heart Disease Patients into Adulthood (8-society joint statement, revised March 2022)",ja,https://www.j-circ.or.jp/cms/wp-content/uploads/2022/04/ACHD_Transition_Teigen_rev3_20220426.pdf,https://www.j-circ.or.jp/achd/achd_transition_teigen/,,委員長 三谷義英. URL literal from search index.
jcs2017-achd,JP,2017,日本循環器学会 / 日本胸部外科学会 / 日本産科婦人科学会 / 日本小児循環器学会 / 日本成人先天性心疾患学会 ほか,総合/ACHD,成人先天性心疾患診療ガイドライン（2017年改訂版）,Guidelines for Management of Congenital Heart Disease in Adults (JCS 2017),ja,https://www.j-circ.or.jp/old/guideline/pdf/JCS2017_ichida_h.pdf,https://www.j-circ.or.jp/guideline/guideline-series/,,班長 市田蕗子. Superseded by 2025 edition. Mirror: https://plaza.umin.ac.jp/~jscvs/wordpress/wp-content/uploads/2020/06/JCS2017_ichida_h.pdf
jcs2025-pte-dvt-ph,JP,2025,日本循環器学会 / 日本肺高血圧・肺循環学会,肺高血圧,2025年改訂版 肺血栓塞栓症・深部静脈血栓症および肺高血圧症に関するガイドライン,"JCS/JPCPHS 2025 Guideline on Pulmonary Thromboembolism, Deep Vein Thrombosis and Pulmonary Hypertension",ja,https://www.j-circ.or.jp/cms/wp-content/uploads/2025/03/JCS2025_Tamura.pdf,https://www.j-circ.or.jp/guideline/guideline-series/,,班長 田村雄一. Supersedes 2017 PH guideline (includes pediatric/CHD-PAH). Patient lay summary: https://www.j-circ.or.jp/cms/wp-content/uploads/2026/05/JCS2025_Tamura_Lay-Summary.pdf
jcs2017-pulmonary-hypertension-en,JP,2019,"Japanese Circulation Society / JPCPHS (Circulation Journal, J-STAGE)",肺高血圧,（英語版）肺高血圧症治療ガイドライン（2017年改訂版）,Guidelines for the Treatment of Pulmonary Hypertension (JCS 2017/JPCPHS 2017) (Circ J 2019;83:842-945),en,https://www.jstage.jst.go.jp/article/circj/83/4/83_CJ-66-0158/_pdf,https://www.jstage.jst.go.jp/article/circj/83/4/83_CJ-66-0158/_html/-char/en,,PDF path derived from J-STAGE article page (standard /_pdf). PubMed 30853682.
jcs2017-pulmonary-hypertension,JP,2017,日本循環器学会 / 日本肺高血圧・肺循環学会,肺高血圧,肺高血圧症治療ガイドライン（2017年改訂版）,Guidelines for the Treatment of Pulmonary Hypertension (JCS 2017/JPCPHS 2017),ja,https://www.j-circ.or.jp/old/guideline/pdf/JCS2017_fukuda_h.pdf,https://www.j-circ.or.jp/guideline/guideline-series/,,班長 福田恵一. Includes pediatric PH chapter. URL literal from search index. English: Circ J 2019;83:842-945 (https://www.jstage.jst.go.jp/article/circj/83/4/83_CJ-66-0158/_pdf).
jsfc-jspccs-fetal-echo-2nd-en,JP,2026,日本胎児心臓病学会 / 日本小児循環器学会,胎児,（英語版）胎児心エコー検査ガイドライン（第2版）,"JSPCCS Guidelines for Fetal Echocardiography, Second Edition (English)",en,https://www.jsfc.jp/wp-content/uploads/2026/01/JSPCCS-Guidelines-for-Fetal-Echocardiography-Second-Edition.pdf,https://www.jsfc.jp/guidelines,,Upload path dated 2026/01; guideline content is the 2021 second edition. URL literal from search index.
jsfc-jspccs2021-fetal-echo-2nd,JP,2021,日本胎児心臓病学会 / 日本小児循環器学会,胎児,胎児心エコー検査ガイドライン（第2版）,"JSPCCS/JSFC Guidelines for Fetal Echocardiography, Second Edition (2021)",ja,https://www.jsfc.jp/wp-content/uploads/2021/09/bd7b80d4e92b9584a3f98f3469fdbc07.pdf,https://www.jsfc.jp/guidelines,,Issued 2021-02-25; 日本小児循環器学会雑誌 37(S1): S1.1-S1.57. URL literal from search index (title matched vol/pages). Minds: https://minds.jcqhc.or.jp/summary/c00652/ ; journal page https://jpccs.jp/index.html?vol=37&no=s1
jspccs2006-fetal-echo-1st,JP,2006,日本胎児心臓病研究会 / 日本小児循環器学会,胎児,"胎児心エコー検査ガイドライン（初版, 2006）","Guidelines for Fetal Echocardiography (1st edition, 2006)",ja,https://jspccs.jp/wp-content/uploads/j2205_591.pdf,https://jspccs.jp/publication/guideline/,,班長 里見元義. 日本小児循環器学会雑誌 22(5) (2006). Superseded by 2nd edition. URL literal from search index.
jpeds2019-palivizumab-consensus,JP,2019,日本小児科学会 ほか,薬物療法,日本におけるパリビズマブの使用に関するコンセンサスガイドライン（2019）,Consensus Guidelines on the Use of Palivizumab in Japan (2019),ja,https://www.jpeds.or.jp/uploads/files/20190402palivizumabGL.pdf,https://www.jpeds.or.jp/,,Covers hemodynamically significant CHD indications. URL literal from search index.
jcs2018-pediatric-dx-drug,JP,2018,日本循環器学会 / 日本小児循環器学会 ほか合同研究班,薬物療法,先天性心疾患並びに小児期心疾患の診断検査と薬物療法ガイドライン（2018年改訂版）,JCS 2018 Guideline on Diagnostic Testing and Pharmacotherapy in Congenital and Pediatric Heart Disease,ja,https://www.j-circ.or.jp/cms/wp-content/uploads/2020/02/JCS2018_Yasukochi.pdf,https://www.j-circ.or.jp/guideline/guideline-series/,,班長 安河内聰. URL taken literally from search-engine index. Egress proxy blocked all direct verification.
jspccs2005-palivizumab-chd,JP,2005,日本小児循環器学会,薬物療法,先天性心疾患児におけるパリビズマブの使用に関するガイドライン,Guidelines for Use of Palivizumab in Children with Congenital Heart Disease (JSPCCS),ja,https://jspccs.jp/wp-content/uploads/j2101_060.pdf,https://jspccs.jp/publication/guideline/,,"日本小児循環器学会雑誌 21(1) (2005). 2019 revised consensus version: https://jpccs.jp/10.9794/jspccs.35.S2_1/data/index.html (PDF likely .../data/index.pdf, not confirmed). URL literal from search index."
jcs2022-chd-longterm,JP,2022,日本循環器学会 / 日本胸部外科学会 / 日本小児循環器学会 / 日本心臓血管外科学会 / 日本成人先天性心疾患学会 / 日本心臓病学会,術後管理・遠隔期,2022年改訂版 先天性心疾患術後遠隔期の管理・侵襲的治療に関するガイドライン,JCS 2022 Guideline on Management and Re-Interventional Therapy in Patients With Congenital Heart Disease Long-Term After Initial Repair,ja,https://www.j-circ.or.jp/cms/wp-content/uploads/2022/03/JCS2022_Ohuchi_Kawada.pdf,https://www.j-circ.or.jp/guideline/guideline-series/,,班長 大内秀雄・川田博昭. Issued 2022-03-11. URL literal from search index.
jcs2022-chd-longterm-en,JP,2022,"Japanese Circulation Society (Circulation Journal, J-STAGE)",術後管理・遠隔期,（英語版）2022年改訂版 先天性心疾患術後遠隔期の管理・侵襲的治療に関するガイドライン,JCS 2022 Guideline on Management and Re-Interventional Therapy in Patients With Congenital Heart Disease Long-Term After Initial Repair (Circ J 2022;86:1591-1690),en,https://www.jstage.jst.go.jp/article/circj/86/10/86_CJ-22-0134/_pdf,https://www.jstage.jst.go.jp/article/circj/86/10/86_CJ-22-0134/_article,,PDF path derived from J-STAGE article page using standard /_pdf suffix (article page literal in search results). DOI 10.1253/circj.CJ-22-0134.
jcs2012-chd-longterm,JP,2012,日本循環器学会 合同研究班,術後管理・遠隔期,先天性心疾患術後遠隔期の管理・侵襲的治療に関するガイドライン（2012年改訂版）,Guidelines for Management and Re-interventional Therapy in Patients with Congenital Heart Disease Long-term after Initial Repair (JCS 2012),ja,https://plaza.umin.ac.jp/~jscvs/wordpress/wp-content/uploads/2020/06/JCS2012_echigo_h.pdf,https://jscvs.or.jp/guidelines/,,"班長 越後茂之. Superseded by 2022 edition. URL is JSCVS mirror (literal in search); original j-circ path cited as http://www.j-circ.or.jp/guideline/pdf/JCS2012_echigo_h.pdf (legacy, may redirect to /old/guideline/pdf/)."
jcs2021-echocardiography,JP,2021,日本循環器学会 / 日本心エコー図学会 / 日本小児循環器学会 ほか,診断・画像,2021年改訂版 循環器超音波検査の適応と判読ガイドライン,JCS 2021 Guideline on the Clinical Application of Echocardiography,ja,https://www.j-circ.or.jp/cms/wp-content/uploads/2021/03/JCS2021_Ohte.pdf,https://www.j-circ.or.jp/guideline/guideline-series/,,班長 大手信之. Includes congenital/pediatric echo and fetal echo sections; listed on JSPCCS page. URL literal from search index.
jcs2024-genetic-testing,JP,2024,日本循環器学会 / 日本心臓病学会 / 日本小児循環器学会,遺伝・発達,2024年改訂版 心臓血管疾患における遺伝学的検査と遺伝カウンセリングに関するガイドライン,JCS/JCC/JSPCCS 2024 Guideline on Genetic Testing and Counseling in Cardiovascular Disease,ja,https://www.j-circ.or.jp/cms/wp-content/uploads/2024/03/JCS2024_Imai.pdf,https://www.j-circ.or.jp/guideline/guideline-series/,,"班長 今井靖. Covers CHD genetics, syndromic CHD, counseling. URL literal from search index."
jcs2024-genetic-testing-en,JP,2024,"Japanese Circulation Society / JCC / JSPCCS (Circulation Journal, J-STAGE)",遺伝・発達,（英語版）2024年改訂版 心臓血管疾患における遺伝学的検査と遺伝カウンセリングに関するガイドライン,JCS/JCC/JSPCCS 2024 Guideline on Genetic Testing and Counseling in Cardiovascular Disease (Circ J 2024;88:2022-2099),en,https://www.jstage.jst.go.jp/article/circj/advpub/0/advpub_CJ-23-0926/_pdf/-char/en,https://www.jstage.jst.go.jp/article/circj/88/12/88_CJ-23-0926/_html/-char/en,,URL literal from search index. Also J Cardiol PDF: https://www.journal-of-cardiology.com/article/S0914-5087(24)00208-9/pdf
aha-2023-palliative-care-children-heart-disease,US,2023,AHA,その他,心疾患をもつ小児の生涯にわたる緩和ケア（AHA科学声明）,Palliative Care Across the Life Span for Children With Heart Disease: A Scientific Statement From the AHA,en,https://www.ahajournals.org/doi/pdf/10.1161/HCQ.0000000000000114,https://pmc.ncbi.nlm.nih.gov/articles/PMC10472747/,10.1161/HCQ.0000000000000114,Circ Cardiovasc Qual Outcomes 2023;16:e000114. PubMed 36633003; free full text PMC10472747.
aha-2017-telemedicine-pediatric-cardiology,US,2017,AHA,その他,小児循環器領域における遠隔医療（AHA科学声明）,Telemedicine in Pediatric Cardiology: A Scientific Statement From the AHA,en,https://www.ahajournals.org/doi/pdf/10.1161/CIR.0000000000000478,https://www.ahajournals.org/doi/10.1161/CIR.0000000000000478,10.1161/CIR.0000000000000478,Satou GM et al. Circulation 2017;135:e648-e678.
pics-scai-2023-cath-consensus,US,2024,"PICS/SCAI (multi-society; endorsed by CCAS, AAPM)",カテーテル治療,小児および成人先天性心疾患の心臓カテーテル検査に関する専門家コンセンサス（PICS/AEPC/APPCS/CSANZ/SCAI/SOLACI）,PICS/AEPC/APPCS/CSANZ/SCAI/SOLACI: Expert Consensus Statement on Cardiac Catheterization for Pediatric Patients and Adults With Congenital Heart Disease,en,https://www.jacc.org/doi/pdf/10.1016/j.jcin.2023.11.001,https://www.jacc.org/doi/10.1016/j.jcin.2023.11.001,10.1016/j.jcin.2023.11.001,"Published online Dec 2023, JACC Cardiovasc Interv 2024. Co-published in JSCAI (PII S2772-9303(23)01183-3)."
scai-ccas-spa-2016-anesthesia-sedation-cath,US,2016,SCAI/CCAS/SPA,カテーテル治療,小児・先天性心疾患カテーテル室における麻酔・鎮静の専門家コンセンサス（SCAI/CCAS/SPA）,SCAI/CCAS/SPA Expert Consensus Statement for Anesthesia and Sedation Practice: Recommendations for Patients Undergoing Diagnostic and Therapeutic Procedures in the Pediatric and Congenital Cardiac Catheterization Laboratory,en,https://www.scai.org/publications/clinical-documents/scaiccasspa-expert-consensus-statement-anesthesia-and-sedation,https://pubmed.ncbi.nlm.nih.gov/27801973/,,Odegard KC et al. Catheter Cardiovasc Interv 2016. PMID 27801973; DOI not captured from search results.
aha-2011-cath-indications-pediatric,US,2011,"AHA (endorsed by SCAI, AAP)",カテーテル治療,小児心疾患における心臓カテーテル検査・インターベンションの適応（AHA科学声明）,Indications for Cardiac Catheterization and Intervention in Pediatric Cardiac Disease: A Scientific Statement From the AHA,en,https://www.ahajournals.org/doi/pdf/10.1161/CIR.0b013e31821b1f10,https://www.ahajournals.org/doi/10.1161/CIR.0b013e31821b1f10,10.1161/CIR.0b013e31821b1f10,Feltes TF et al. Circulation 2011;123:2607-2652.
paces-2021-cied-pediatric,US,2021,"PACES (with HRS, ACC, AHA, AEPC; endorsed by APHRS, IHRS, LAHRS)",不整脈,小児患者における植込み型心臓電気デバイスの適応と管理（2021 PACES専門家コンセンサス）,2021 PACES Expert Consensus Statement on the Indications and Management of Cardiovascular Implantable Electronic Devices in Pediatric Patients,en,https://www.heartrhythmjournal.com/article/S1547-5271(21)01916-0/pdf,https://www.heartrhythmjournal.com/article/S1547-5271(21)01916-0/fulltext,10.1016/j.hrthm.2021.07.038,"Shah MJ, Silka MJ et al. Heart Rhythm 2021;18:1888-1924. Executive summary co-published (Cardiol Young / JACC EP 10.1016/j.jacep.2021.07.009)."
aap-2021-sudden-death-young,US,2021,AAP (Section on Cardiology and Cardiac Surgery; with PACES),不整脈,若年者の突然死：プライマリケア医のための情報（AAP臨床報告）,Sudden Death in the Young: Information for the Primary Care Provider (AAP Clinical Report),en,https://publications.aap.org/pediatrics/article-pdf/148/1/e2021052044/1353620/peds_2021052044.pdf,https://publications.aap.org/pediatrics/article/148/1/e2021052044/179969/,10.1542/peds.2021-052044,Erickson CC et al. Pediatrics 2021;148:e2021052044. SCA/SCD risk screening for all youths.
paces-hrs-2016-catheter-ablation,US,2016,"PACES/HRS (endorsed by AAP, AHA, AEPC)",不整脈,小児および先天性心疾患患者におけるカテーテルアブレーション（PACES/HRS専門家コンセンサス）,PACES/HRS Expert Consensus Statement on the Use of Catheter Ablation in Children and Patients with Congenital Heart Disease,en,https://www.heartrhythmjournal.com/article/S1547-5271(16)00172-7/pdf,https://www.hrsonline.org/guidance/clinical-resources/paceshrs-expert-consensus-statement-use-catheter-ablation-children-and-patients-congenital-heart,10.1016/j.hrthm.2016.02.009,"Saul JP, Kanter RJ et al. Heart Rhythm 2016;13:e251-e289."
paces-hrs-2014-achd-arrhythmias,US,2014,"PACES/HRS (endorsed by ACC, AHA, EHRA, CHRS, ISACHD)",不整脈,成人先天性心疾患における不整脈の認識と管理（PACES/HRS専門家コンセンサス）,PACES/HRS Expert Consensus Statement on the Recognition and Management of Arrhythmias in Adult Congenital Heart Disease,en,https://www.heartrhythmjournal.com/article/S1547-5271(14)00513-X/pdf,https://www.hrsonline.org/resource/2014-paceshrs-expert-consensus-statement-recognition-and-management-arrhythmias-adult-congenital/,10.1016/j.hrthm.2014.05.009,Khairy P et al. Heart Rhythm 2014;11:e102-e165; also Can J Cardiol 2014;30:e1-e63 (10.1016/j.cjca.2014.09.002).
paces-hrs-2014-va-structurally-normal-heart,US,2014,PACES/HRS,不整脈,器質的心疾患のない小児の心室性不整脈の評価と管理（PACES/HRS専門家コンセンサス）,PACES/HRS Expert Consensus Statement on the Evaluation and Management of Ventricular Arrhythmias in the Child With a Structurally Normal Heart,en,https://www.heartuniversity.org/wp-content/uploads/paces-hrs.pdf,https://www.hrsonline.org/guidance/clinical-resources/evaluation-and-management-ventricular-arrhythmias-child-structurally-normal-heart,10.1016/j.hrthm.2014.05.010,Crosson JE et al. Heart Rhythm 2014;11:e55-e78.
paces-hrs-2012-asymptomatic-wpw,US,2012,"PACES/HRS (endorsed by ACCF, AHA, AAP, CHRS)",不整脈,無症候性WPW心電図パターンを有する若年患者の管理（PACES/HRS専門家コンセンサス）,"PACES/HRS Expert Consensus Statement on the Management of the Asymptomatic Young Patient with a Wolff-Parkinson-White (WPW, Ventricular Preexcitation) Electrocardiographic Pattern",en,https://www.aiac.it/allegati/import/2018/03/2012-PACES-HRS-Asymptomatic-WPW.pdf,https://www.hrsonline.org/resource/2012-management-asymptomatic-young-patient-wolff-parkinson-white/,10.1016/j.hrthm.2012.03.050,Cohen MI et al. Heart Rhythm 2012;9:1006-1024.
aats-2017-aaoca-consensus,US,2017,AATS,外科治療,冠動脈大動脈起始異常の専門家コンセンサスガイドライン（AATS）,Expert consensus guidelines: Anomalous aortic origin of a coronary artery,en,https://www.jtcvs.org/article/S0022-5223(17)30134-4/pdf,https://www.jtcvs.org/article/S0022-5223(17)30134-4/fulltext,10.1016/j.jtcvs.2016.06.066,Brothers JA et al. J Thorac Cardiovasc Surg 2017;153:1440-1457.
aha-2017-pregnancy-complex-chd,US,2017,AHA,妊娠・出産,複雑先天性心疾患患者の妊娠管理（AHA科学声明）,Management of Pregnancy in Patients With Complex Congenital Heart Disease: A Scientific Statement for Healthcare Professionals From the AHA,en,https://www.ahajournals.org/doi/pdf/10.1161/CIR.0000000000000458,https://www.ahajournals.org/doi/10.1161/CIR.0000000000000458,10.1161/CIR.0000000000000458,Canobbio MM et al. Circulation 2017;135:e50-e87.
aha-2026-physical-activity-pediatric-cardiomyopathy,US,2026,AHA,学校・スポーツ,小児心筋症における身体活動（AHA科学声明）,Physical Activity in Pediatric Cardiomyopathies: Moving for Health: A Scientific Statement From the AHA,en,https://www.ahajournals.org/doi/pdf/10.1161/CIR.0000000000001431,https://www.ahajournals.org/doi/10.1161/CIR.0000000000001431,10.1161/CIR.0000000000001431,Found via search (Circulation). Publication year inferred from DOI sequence (2025-2026); verify.
aha-acc-2015-athletes-task-force-4-chd,US,2015,AHA/ACC,学校・スポーツ,競技アスリートの適格性・失格勧告 タスクフォース4：先天性心疾患（AHA/ACC）,Eligibility and Disqualification Recommendations for Competitive Athletes With Cardiovascular Abnormalities: Task Force 4: Congenital Heart Disease: A Scientific Statement From the AHA and ACC,en,https://www.ahajournals.org/doi/pdf/10.1161/CIR.0000000000000240,https://www.ahajournals.org/doi/10.1161/CIR.0000000000000240,10.1161/CIR.0000000000000240,Van Hare GF et al. Circulation 2015;132:e281-e291; JACC 2015;66:2372-2384 (10.1016/j.jacc.2015.09.036).
aha-2013-physical-activity-chd,US,2013,AHA,学校・スポーツ,先天性心疾患をもつ小児・成人の身体活動の推進（AHA科学声明）,Promotion of Physical Activity for Children and Adults With Congenital Heart Disease: A Scientific Statement From the AHA,en,https://www.ahajournals.org/doi/pdf/10.1161/CIR.0b013e318293688f,https://www.ahajournals.org/doi/10.1161/CIR.0b013e318293688f,10.1161/CIR.0b013e318293688f,Longmuir PE et al. Circulation 2013;127:2147-2159.
aha-2024-kawasaki-update,US,2024,AHA,川崎病,川崎病の診断と管理の更新（AHA科学声明 2024）,Update on Diagnosis and Management of Kawasaki Disease: A Scientific Statement From the AHA,en,https://www.ahajournals.org/doi/pdf/10.1161/CIR.0000000000001295,https://www.ahajournals.org/doi/10.1161/CIR.0000000000001295,10.1161/CIR.0000000000001295,"Circulation 2024;150:e481-e500 (published Dec 3, 2024). Correction: 10.1161/CIR.0000000000001313."
aha-2017-kawasaki,US,2017,AHA,川崎病,川崎病の診断・治療・長期管理（AHA科学声明 2017）,"Diagnosis, Treatment, and Long-Term Management of Kawasaki Disease: A Scientific Statement for Health Professionals From the AHA",en,https://www.ahajournals.org/doi/pdf/10.1161/CIR.0000000000000484,https://www.ahajournals.org/doi/10.1161/CIR.0000000000000484,10.1161/CIR.0000000000000484,McCrindle BW et al. Circulation 2017;135:e927-e999.
ishlt-2025-pediatric-heart-failure-update,US,2025,"ISHLT (with AEPC, PACES)",心不全,小児心不全管理ガイドライン（ISHLT 2025更新）,The International Society for Heart and Lung Transplantation Guidelines for the Management of Pediatric Heart Failure (Update From 2014),en,https://www.jhltonline.org/article/S1053-2498(25)02030-3/pdf,https://www.jhltonline.org/article/S1053-2498(25)02030-3/fulltext,,JHLT 2025;44(10). DOI not captured (PII S1053-2498(25)02030-3). Companion 'Authors Insights' article PII S1053-2498(25)02031-5.
ishlt-2024-transplant-candidates,US,2024,ISHLT,心不全,心臓移植候補者の評価とケアに関するISHLTガイドライン2024（小児セクションを含む）,International Society for Heart and Lung Transplantation Guidelines for the Evaluation and Care of Cardiac Transplant Candidates - 2024,en,https://www.jhltonline.org/article/S1053-2498(24)01679-6/pdf,https://www.jhltonline.org/article/S1053-2498(24)01679-6/fulltext,10.1016/j.healun.2024.05.010,Each task force co-chaired by a pediatric transplant physician. DOI from memory (PII confirmed by search) - verify.
aha-2024-chronic-hf-children-chd,US,2024,AHA,心不全,先天性心疾患をもつ小児・思春期の慢性心不全の評価と管理（AHA科学声明）,Evaluation and Management of Chronic Heart Failure in Children and Adolescents With Congenital Heart Disease: A Scientific Statement From the AHA,en,https://www.ahajournals.org/doi/pdf/10.1161/CIR.0000000000001245,https://www.ahajournals.org/doi/10.1161/CIR.0000000000001245,10.1161/CIR.0000000000001245,Circulation 2024;150:e33-e50.
aha-2023-cardiomyopathy-children-treatment,US,2023,AHA,心不全,小児心筋症の治療戦略（AHA科学声明）,Treatment Strategies for Cardiomyopathy in Children: A Scientific Statement From the AHA,en,https://www.ahajournals.org/doi/pdf/10.1161/CIR.0000000000001151,https://www.ahajournals.org/doi/10.1161/CIR.0000000000001151,10.1161/CIR.0000000000001151,Circulation 2023;148:174-195. Companion to 2019 classification statement.
ishlt-2021-pediatric-vad,US,2021,ISHLT (endorsed by AHA),心不全,小児・先天性心疾患患者の補助人工心臓の選択と管理（ISHLTコンセンサス、AHA承認）,"ISHLT consensus statement for the selection and management of pediatric and congenital heart disease patients on ventricular assist devices, Endorsed by the AHA",en,https://scholarlycommons.henryford.com/cgi/viewcontent.cgi?article=1799&context=cardiology_articles,https://www.jhltonline.org/article/S1053-2498(21)02301-9/fulltext,10.1016/j.healun.2021.04.015,Lorts A et al. J Heart Lung Transplant 2021;40:709-732. Open repository copy at Henry Ford Scholarly Commons.
aha-2021-myocarditis-children,US,2021,AHA,心不全,小児心筋炎の診断と管理（AHA科学声明）,Diagnosis and Management of Myocarditis in Children: A Scientific Statement From the AHA,en,https://www.ahajournals.org/doi/pdf/10.1161/CIR.0000000000001001,https://www.ahajournals.org/doi/10.1161/CIR.0000000000001001,10.1161/CIR.0000000000001001,Law YM et al. Circulation 2021;144:e123-e135.
aha-2019-cardiomyopathy-children-classification,US,2019,AHA,心不全,小児心筋症：分類と診断（AHA科学声明）,Cardiomyopathy in Children: Classification and Diagnosis: A Scientific Statement From the AHA,en,https://www.ahajournals.org/doi/pdf/10.1161/CIR.0000000000000682,https://www.ahajournals.org/doi/10.1161/CIR.0000000000000682,10.1161/CIR.0000000000000682,Lipshultz SE et al. Circulation 2019;140:e9-e68.
aha-2016-chronic-hf-chd,US,2016,AHA,心不全,先天性心疾患における慢性心不全（AHA科学声明）,Chronic Heart Failure in Congenital Heart Disease: A Scientific Statement From the AHA,en,https://www.ahajournals.org/doi/pdf/10.1161/CIR.0000000000000352,https://www.ahajournals.org/doi/10.1161/CIR.0000000000000352,10.1161/CIR.0000000000000352,Stout KK et al. Circulation 2016;133:770-801.
ishlt-2014-pediatric-heart-failure,US,2014,"ISHLT (with AEPC, PACES)",心不全,小児心不全管理ガイドライン（ISHLT 2014）,The International Society for Heart and Lung Transplantation Guidelines for the Management of Pediatric Heart Failure,en,https://www.jhltonline.org/article/S1053-2498(14)01156-5/pdf,https://www.ishlt.org/education-and-publications/standards-guidelines-detail/ishlt-guidelines-for-the-management-of-pediatric-heart-failure,10.1016/j.healun.2014.06.002,Kirk R et al. J Heart Lung Transplant 2014;33:888-909 (executive summary; full monograph ISHLT Vol 8). DOI is that of executive summary.
aha-2021-vgs-ie-prevention,US,2021,AHA,感染性心内膜炎,Viridans群レンサ球菌感染性心内膜炎の予防（AHA科学声明 2021）,Prevention of Viridans Group Streptococcal Infective Endocarditis: A Scientific Statement From the AHA,en,https://www.ahajournals.org/doi/pdf/10.1161/CIR.0000000000000969,https://www.ahajournals.org/doi/10.1161/CIR.0000000000000969,10.1161/CIR.0000000000000969,Wilson WR et al. Circulation 2021;143:e963-e978. Review/update of 2007 prophylaxis recommendations.
aha-2015-ie-childhood,US,2015,AHA,感染性心内膜炎,小児期の感染性心内膜炎：2015年更新（AHA科学声明）,Infective Endocarditis in Childhood: 2015 Update: A Scientific Statement From the AHA,en,https://www.ahajournals.org/doi/pdf/10.1161/CIR.0000000000000298,https://www.ahajournals.org/doi/10.1161/CIR.0000000000000298,10.1161/CIR.0000000000000298,Baltimore RS et al. Circulation 2015;132:1487-1515.
aha-2015-ie-adults,US,2015,AHA,感染性心内膜炎,成人の感染性心内膜炎：診断・抗菌薬治療・合併症管理（AHA科学声明）,"Infective Endocarditis in Adults: Diagnosis, Antimicrobial Therapy, and Management of Complications: A Scientific Statement From the AHA",en,https://www.ahajournals.org/doi/pdf/10.1161/CIR.0000000000000296,https://www.ahajournals.org/doi/10.1161/CIR.0000000000000296,10.1161/CIR.0000000000000296,Baddour LM et al. Circulation 2015;132:1435-1486. Includes ACHD; DOI from memory (not from search).
aha-2007-ie-prevention,US,2007,AHA,感染性心内膜炎,感染性心内膜炎の予防（AHAガイドライン 2007）,Prevention of Infective Endocarditis: Guidelines From the American Heart Association,en,https://www.ahajournals.org/doi/pdf/10.1161/CIRCULATIONAHA.106.183095,https://www.ahajournals.org/doi/10.1161/CIRCULATIONAHA.106.183095,10.1161/CIRCULATIONAHA.106.183095,Wilson W et al. Circulation 2007;116:1736-1754. Defines CHD categories warranting prophylaxis.
acc-aha-2025-achd-guideline,US,2025,ACC/AHA/HRS/ISACHD/SCAI,総合/ACHD,2025 ACC/AHA/HRS/ISACHD/SCAI 成人先天性心疾患管理ガイドライン,2025 ACC/AHA/HRS/ISACHD/SCAI Guideline for the Management of Adults With Congenital Heart Disease,en,https://www.jacc.org/doi/pdf/10.1016/j.jacc.2025.09.006,https://www.jacc.org/doi/10.1016/j.jacc.2025.09.006,10.1016/j.jacc.2025.09.006,Found via search (JACC). Circulation co-publication DOI not confirmed. Supersedes 2018 guideline.
aha-2022-sdoh-chd,US,2022,AHA,総合/ACHD,先天性心疾患における健康の社会的決定要因と健康格差（AHA科学声明）,Addressing Social Determinants of Health and Mitigating Health Disparities Across the Lifespan in Congenital Heart Disease: A Scientific Statement From the AHA,en,https://www.ahajournals.org/doi/pdf/10.1161/JAHA.122.025358,https://www.ahajournals.org/doi/10.1161/JAHA.122.025358,10.1161/JAHA.122.025358,Lopez KN et al. JAHA 2022;11:e025358 (open access).
aha-2022-transition-program-design,US,2022,AHA,総合/ACHD,移行期医療プログラム設計の実践的アプローチ（AHA科学声明）,Advances in Managing Transition to Adulthood for Adolescents With Congenital Heart Disease: A Practical Approach to Transition Program Design: A Scientific Statement From the AHA,en,https://www.ahajournals.org/doi/pdf/10.1161/JAHA.122.025278,https://www.ahajournals.org/doi/10.1161/JAHA.122.025278,10.1161/JAHA.122.025278,JAHA 2022 (open access). Update to 2011 Sable statement.
aha-acc-2018-achd-guideline,US,2018,AHA/ACC,総合/ACHD,2018 AHA/ACC 成人先天性心疾患管理ガイドライン,2018 AHA/ACC Guideline for the Management of Adults With Congenital Heart Disease,en,https://www.ahajournals.org/doi/pdf/10.1161/CIR.0000000000000603,https://www.ahajournals.org/doi/10.1161/CIR.0000000000000603,10.1161/CIR.0000000000000603,Stout KK et al. Circulation 2019;139:e698-e800. Co-published JACC 10.1016/j.jacc.2018.08.1029.
aha-acc-2018-achd-executive-summary,US,2018,AHA/ACC,総合/ACHD,2018 AHA/ACC 成人先天性心疾患ガイドライン エグゼクティブサマリー,2018 AHA/ACC Guideline for the Management of Adults With Congenital Heart Disease: Executive Summary,en,https://www.ahajournals.org/doi/pdf/10.1161/CIR.0000000000000602,https://www.ahajournals.org/doi/10.1161/CIR.0000000000000602,10.1161/CIR.0000000000000602,Stout KK et al. Circulation 2019;139:e637-e697. JACC 10.1016/j.jacc.2018.08.1028.
aha-2015-chd-older-adult,US,2015,AHA,総合/ACHD,高齢成人における先天性心疾患（AHA科学声明）,Congenital Heart Disease in the Older Adult: A Scientific Statement From the AHA,en,https://www.ahajournals.org/doi/pdf/10.1161/CIR.0000000000000204,https://www.ahajournals.org/doi/10.1161/CIR.0000000000000204,10.1161/CIR.0000000000000204,Bhatt AB et al. Circulation 2015;131:1884-1931.
jacc-2012-hlhs-white-paper,US,2012,ACC (JACC white paper; NHLBI-supported multi-institution consensus),総合/ACHD,左心低形成症候群：現状と展望（JACC白書）,Hypoplastic Left Heart Syndrome: Current Considerations and Expectations,en,https://www.jacc.org/doi/pdf/10.1016/j.jacc.2011.09.022,https://www.jacc.org/doi/10.1016/j.jacc.2011.09.022,10.1016/j.jacc.2011.09.022,Feinstein JA et al. JACC 2012;59(1 Suppl):S1-S42. Open access PMC6110391.
aha-2011-transition,US,2011,AHA,総合/ACHD,先天性心疾患をもつ思春期患者の成人期移行のベストプラクティス（AHA科学声明）,Best Practices in Managing Transition to Adulthood for Adolescents With Congenital Heart Disease: The Transition Process and Medical and Psychosocial Issues,en,https://www.ahajournals.org/doi/pdf/10.1161/CIR.0b013e3182107c56,https://www.ahajournals.org/doi/10.1161/CIR.0b013e3182107c56,10.1161/CIR.0b013e3182107c56,Sable C et al. Circulation 2011;123:1454-1485.
acc-aha-2008-achd-guideline,US,2008,ACC/AHA,総合/ACHD,ACC/AHA 2008 成人先天性心疾患管理ガイドライン,ACC/AHA 2008 Guidelines for the Management of Adults With Congenital Heart Disease,en,https://www.ahajournals.org/doi/pdf/10.1161/CIRCULATIONAHA.108.190690,https://www.ahajournals.org/doi/10.1161/CIRCULATIONAHA.108.190690,10.1161/CIRCULATIONAHA.108.190690,Warnes CA et al. Circulation 2008;118:e714-e833; JACC 10.1016/j.jacc.2008.10.001. Superseded by 2018/2025 but historically important.
aha-2025-pediatric-ph-left-heart-disease,US,2025,AHA,肺高血圧,左心疾患による小児肺高血圧症の臨床管理と移植の考慮（AHA科学声明）,Clinical Management and Transplant Considerations in Pediatric Pulmonary Hypertension Due to Left Heart Disease: A Scientific Statement From the AHA,en,https://www.ahajournals.org/doi/pdf/10.1161/HHF.0000000000000086,https://www.ahajournals.org/doi/10.1161/HHF.0000000000000086,10.1161/HHF.0000000000000086,Circulation: Heart Failure. Approved by AHA Aug/Sep 2024; publication year 2025 inferred - verify.
aha-ats-2015-pediatric-ph,US,2015,AHA/ATS,肺高血圧,小児肺高血圧症ガイドライン（AHA/ATS）,Pediatric Pulmonary Hypertension: Guidelines From the American Heart Association and American Thoracic Society,en,https://www.ahajournals.org/doi/pdf/10.1161/CIR.0000000000000329,https://www.ahajournals.org/doi/10.1161/CIR.0000000000000329,10.1161/CIR.0000000000000329,Abman SH et al. Circulation 2015;132:2037-2099. Executive summary also in Circulation 2016.
ase-2023-fetal-echocardiogram,US,2023,"ASE (endorsed by Fetal Heart Society, SOPE, AIUM)",胎児,胎児心エコー検査の実施ガイドラインと推奨（ASE 2023更新）,Guidelines and Recommendations for Performance of the Fetal Echocardiogram: An Update from the American Society of Echocardiography,en,https://www.asecho.org/wp-content/uploads/2023/07/PIIS0894731723002067-1.pdf,https://onlinejase.com/article/S0894-7317(23)00206-7/fulltext,10.1016/j.echo.2023.04.014,"Moon-Grady AJ, Donofrio MT et al. JASE 2023;36:679-723. Replaces 2004 ASE fetal echo guideline."
aha-2014-fetal-cardiac-disease,US,2014,AHA,胎児,胎児心疾患の診断と治療（AHA科学声明）,Diagnosis and Treatment of Fetal Cardiac Disease: A Scientific Statement From the AHA,en,https://www.ahajournals.org/doi/pdf/10.1161/01.cir.0000437597.44550.5d,https://www.ahajournals.org/doi/10.1161/01.cir.0000437597.44550.5d,10.1161/01.cir.0000437597.44550.5d,Donofrio MT et al. Circulation 2014;129:2183-2242.
aap-2014-palivizumab-guidance,US,2014,AAP,薬物療法,パリビズマブ予防投与に関する更新ガイダンス（AAP方針声明；血行動態的に有意な心疾患を含む）,Updated Guidance for Palivizumab Prophylaxis Among Infants and Young Children at Increased Risk of Hospitalization for Respiratory Syncytial Virus Infection (AAP Policy Statement),en,https://partnersforkids.org/wp-content/uploads/2022/10/AAP-guidelines-RSV-prophylaxis.pdf,https://publications.aap.org/pediatrics/article/134/2/415/33013/,10.1542/peds.2014-1665,Pediatrics 2014;134:415-420 (policy) with technical report 10.1542/peds.2014-1666 (mirror PDF above is the technical report). Updated 2023: 10.1542/peds.2023-061803.
aha-2013-thrombosis-pediatric-chd,US,2013,AHA,薬物療法,小児および先天性心疾患における血栓症の予防と治療（AHA科学声明）,Prevention and Treatment of Thrombosis in Pediatric and Congenital Heart Disease: A Scientific Statement From the AHA,en,https://www.ahajournals.org/doi/pdf/10.1161/01.cir.0000436140.77832.7a,https://www.ahajournals.org/doi/10.1161/01.cir.0000436140.77832.7a,10.1161/01.cir.0000436140.77832.7a,Giglia TM et al. Circulation 2013;128:2622-2703.
aha-2008-adhd-medication-monitoring,US,2008,AHA (with AAP clarification 2008),薬物療法,ADHD治療薬を投与される心疾患をもつ小児・思春期の心血管モニタリング（AHA科学声明）,Cardiovascular Monitoring of Children and Adolescents With Heart Disease Receiving Medications for Attention Deficit/Hyperactivity Disorder: A Scientific Statement From the AHA,en,https://www.ahajournals.org/doi/pdf/10.1161/CIRCULATIONAHA.107.189473,https://www.ahajournals.org/doi/10.1161/CIRCULATIONAHA.107.189473,10.1161/CIRCULATIONAHA.107.189473,Vetter VL et al. Circulation 2008;117:2407-2423. See AAP/AHA joint clarification (May 2008).
aha-2023-perioperative-noncardiac-procedures,US,2023,AHA,術後管理・遠隔期,非心臓手術・処置を受ける先天性心疾患小児の周術期の考慮（AHA科学声明）,Perioperative Considerations for Pediatric Patients With Congenital Heart Disease Presenting for Noncardiac Procedures: A Scientific Statement From the AHA,en,https://www.ahajournals.org/doi/pdf/10.1161/HCQ.0000000000000113,https://www.ahajournals.org/doi/10.1161/HCQ.0000000000000113,10.1161/HCQ.0000000000000113,"Circulation: Cardiovascular Quality and Outcomes 2023. Year from DOI sequence (adjacent to HCQ.114, 2023) - verify."
aha-2020-interstage-home-monitoring,US,2020,AHA,術後管理・遠隔期,単心室疾患乳児の段階間在宅モニタリング：教育と管理（AHA科学声明）,Interstage Home Monitoring for Infants With Single Ventricle Heart Disease: Education and Management: A Scientific Statement From the AHA,en,https://www.ahajournals.org/doi/pdf/10.1161/JAHA.119.014548,https://www.ahajournals.org/doi/10.1161/JAHA.119.014548,10.1161/JAHA.119.014548,Rudd NA et al. JAHA 2020;9:e014548 (open access).
aha-2019-fontan,US,2019,AHA,術後管理・遠隔期,Fontan循環の小児・成人の評価と管理（AHA科学声明）,Evaluation and Management of the Child and Adult With Fontan Circulation: A Scientific Statement From the AHA,en,https://www.ahajournals.org/doi/pdf/10.1161/CIR.0000000000000696,https://www.ahajournals.org/doi/10.1161/CIR.0000000000000696,10.1161/CIR.0000000000000696,Rychik J et al. Circulation 2019;140:e234-e284.
aha-2018-cpr-children-cardiac-disease,US,2018,AHA,術後管理・遠隔期,心疾患をもつ乳幼児・小児の心肺蘇生（AHA科学声明）,Cardiopulmonary Resuscitation in Infants and Children With Cardiac Disease: A Scientific Statement From the AHA,en,https://www.ahajournals.org/doi/pdf/10.1161/CIR.0000000000000524,https://www.ahajournals.org/doi/10.1161/CIR.0000000000000524,10.1161/CIR.0000000000000524,Marino BS et al. Circulation 2018;137:e691-e782.
aap-2025-cchd-screening-clinical-report,US,2025,AAP,診断・画像,新生児重症先天性心疾患スクリーニング：新アルゴリズムと更新推奨（AAP臨床報告）,Newborn Screening for Critical Congenital Heart Disease: A New Algorithm and Other Updated Recommendations: Clinical Report,en,https://publications.aap.org/pediatrics/article/155/1/e2024069667/200337/,https://publications.aap.org/pediatrics/article/155/1/e2024069667/200337/,10.1542/peds.2024-069667,Pediatrics 2025;155(1):e2024069667. Found via search; direct PDF path not captured.
ase-2024-pediatric-tte,US,2024,ASE,診断・画像,小児経胸壁心エコー包括的検査ガイドライン（ASE 2024）,Guidelines for Performing a Comprehensive Pediatric Transthoracic Echocardiogram: Recommendations From the American Society of Echocardiography,en,https://onlinejase.com/article/S0894-7317(23)00622-3/pdf,https://onlinejase.com/article/S0894-7317(23)00622-3/fulltext,10.1016/j.echo.2023.11.015,Lopez L et al. JASE 2024;37:119-170. Replaces 2006 pediatric echo and 2010 quantification guidelines. Also co-published in JCVA.
acc-2020-auc-multimodality-imaging-chd,US,2020,"ACC (with AHA, ASE, HRS, ISACHD, SCAI, SCCT, SCMR, SOPE)",診断・画像,先天性心疾患フォローアップにおけるマルチモダリティ画像の適正使用基準（2020）,ACC/AHA/ASE/HRS/ISACHD/SCAI/SCCT/SCMR/SOPE 2020 Appropriate Use Criteria for Multimodality Imaging During the Follow-Up Care of Patients With Congenital Heart Disease,en,https://www.jacc.org/doi/pdf/10.1016/j.jacc.2019.10.002,https://www.jacc.org/doi/10.1016/j.jacc.2019.10.002,10.1016/j.jacc.2019.10.002,Sachdeva R et al. JACC 2020;75:657-703.
aap-2020-cchd-pulse-oximetry-update,US,2020,AAP,診断・画像,重症先天性心疾患パルスオキシメトリスクリーニング戦略の更新（AAP 2020）,Updated Strategies for Pulse Oximetry Screening for Critical Congenital Heart Disease,en,https://www.hhs.nd.gov/sites/www/files/documents/DOH%20Legacy/peds_20191650.pdf,https://publications.aap.org/pediatrics/article/146/1/e20191650/77026/,10.1542/peds.2019-1650,Martin GR et al. Pediatrics 2020;146:e20191650. Modified algorithm (>=95% in both extremities; single repeat).
ase-2019-tee-children-chd,US,2019,ASE,診断・画像,小児および先天性心疾患患者の包括的経食道心エコー検査ガイドライン（ASE）,Guidelines for Performing a Comprehensive Transesophageal Echocardiographic Examination in Children and All Patients with Congenital Heart Disease: Recommendations from the ASE,en,https://www.asecho.org/wp-content/uploads/2019/02/TEE-Ped-and-CHD.pdf,https://www.asecho.org/guideline/comprehensive-tee-in-children-and-chd/,10.1016/j.echo.2018.08.016,Puchalski MD et al. JASE 2019;32:173-215.
ase-eacvi-2017-3d-echo-chd,US,2017,ASE/EACVI,診断・画像,先天性心疾患における3D心エコー（EACVI/ASE専門家コンセンサス）,Three-dimensional Echocardiography in Congenital Heart Disease: An Expert Consensus Document from the EACVI and the ASE,en,https://www.asecho.org/wp-content/uploads/2025/04/3D-Echo-in-CHD-3.pdf,https://www.asecho.org/guideline/three-dimensional-echocardiography-in-congenital-heart-disease/,10.1016/j.echo.2016.08.022,Simpson J et al. JASE 2017;30:1-27. Joint US/European document.
ase-2016-tga-imaging,US,2016,ASE/SCMR/SCCT,診断・画像,大血管転位症のマルチモダリティ画像ガイドライン（ASE/SCMR/SCCT）,Multimodality Imaging Guidelines of Patients with Transposition of the Great Arteries: A Report from the ASE developed in collaboration with SCMR and SCCT,en,https://www.asecho.org/wp-content/uploads/2016/06/2016_Transposition-of-Great-Arteries.pdf,https://www.asecho.org/guideline/tga-multimodality-imaging/,10.1016/j.echo.2016.04.002,Cohen MS et al. JASE 2016;29:571-621.
ase-2014-repaired-tof-imaging,US,2014,ASE/SCMR/SPR,診断・画像,修復後ファロー四徴症のマルチモダリティ画像ガイドライン（ASE/SCMR/SPR）,"Multimodality Imaging Guidelines for Patients with Repaired Tetralogy of Fallot: A Report from the ASE, developed in collaboration with SCMR and SPR",en,https://asecho.org/wp-content/uploads/2014/01/RepairedTOF_Feb2014.pdf,https://www.sciencedirect.com/science/article/pii/S0894731713008766,10.1016/j.echo.2013.11.009,Valente AM et al. JASE 2014;27:111-141.
acc-2014-auc-initial-pediatric-echo,US,2014,"ACC (with AAP, AHA, ASE, HRS, SCAI, SCCT, SCMR, SOPE)",診断・画像,外来小児循環器における初回経胸壁心エコーの適正使用基準（2014）,ACC/AAP/AHA/ASE/HRS/SCAI/SCCT/SCMR/SOPE 2014 Appropriate Use Criteria for Initial Transthoracic Echocardiography in Outpatient Pediatric Cardiology,en,https://www.jacc.org/doi/pdf/10.1016/j.jacc.2014.08.003,https://www.jacc.org/doi/10.1016/j.jacc.2014.08.003,10.1016/j.jacc.2014.08.003,Campbell RM et al. JACC 2014;64:2039-2060; co-published JASE 10.1016/j.echo.2014.10.002.
scmr-2013-cmr-chd-protocols,US,2013,SCMR,診断・画像,先天性心疾患の小児・成人における心臓MRIガイドラインとプロトコル（SCMR）,Guidelines and protocols for cardiovascular magnetic resonance in children and adults with congenital heart disease: SCMR expert consensus group on congenital heart disease,en,https://jcmr-online.biomedcentral.com/counter/pdf/10.1186/1532-429X-15-51.pdf,https://pmc.ncbi.nlm.nih.gov/articles/PMC3686659/,10.1186/1532-429X-15-51,Fratz S et al. J Cardiovasc Magn Reson 2013;15:51. Open access (BMC/PMC).
aap-2011-cchd-screening-strategies,US,2011,"AAP (with AHA, ACCF, HHS/SACHDNC work group)",診断・画像,重症先天性心疾患スクリーニング実施戦略（AAP/AHA/ACCF/HRSA作業部会）,Strategies for Implementing Screening for Critical Congenital Heart Disease,en,https://health.wyo.gov/wp-content/uploads/2017/07/aap-strategies-for-implementing.pdf,https://publications.aap.org/pediatrics/article/128/5/e1259/30947/,10.1542/peds.2011-1317,Kemper AR et al. Pediatrics 2011;128:e1259-e1267. Original US CCHD pulse-ox screening algorithm.
ase-2010-pediatric-quantification,US,2010,ASE,診断・画像,小児心エコー定量法の推奨（ASE 2010）,Recommendations for Quantification Methods During the Performance of a Pediatric Echocardiogram: ASE Pediatric and Congenital Heart Disease Council,en,https://asecho.org/wp-content/uploads/2014/05/2010_Quantification-Methods-Pediatric-Echo1.pdf,https://onlinejase.com/article/S0894-7317(10)00266-X/fulltext,10.1016/j.echo.2010.03.019,Lopez L et al. JASE 2010;23:465-495. Superseded in part by 2024 guideline.
aha-aap-2009-pulse-oximetry-newborn,US,2009,AHA/AAP,診断・画像,新生児先天性心疾患診察におけるパルスオキシメトリの役割（AHA/AAP科学声明）,Role of Pulse Oximetry in Examining Newborns for Congenital Heart Disease: A Scientific Statement From the AHA and AAP,en,https://www.ahajournals.org/doi/pdf/10.1161/CIRCULATIONAHA.109.192576,https://www.ahajournals.org/doi/10.1161/CIRCULATIONAHA.109.192576,10.1161/CIRCULATIONAHA.109.192576,Mahle WT et al. Circulation 2009;120:447-458; co-published Pediatrics 2009;124:823-836.
aha-2024-neurodevelopmental-outcomes-update,US,2024,AHA,遺伝・発達,先天性心疾患者の神経発達転帰：神経保護・リスク層別化・評価・管理の更新（AHA科学声明）,"Neurodevelopmental Outcomes for Individuals With Congenital Heart Disease: Updates in Neuroprotection, Risk-Stratification, Evaluation, and Management: A Scientific Statement From the AHA",en,https://www.ahajournals.org/doi/pdf/10.1161/CIR.0000000000001211,https://www.ahajournals.org/doi/10.1161/CIR.0000000000001211,10.1161/CIR.0000000000001211,"Sood E et al. Circulation 2024;149:e997-e1022 (published Mar 26, 2024)."
aha-2022-psychological-outcomes-chd,US,2022,AHA,遺伝・発達,先天性心疾患者の心理的転帰と介入（AHA科学声明）,Psychological Outcomes and Interventions for Individuals With Congenital Heart Disease: A Scientific Statement From the AHA,en,https://www.ahajournals.org/doi/pdf/10.1161/HCQ.0000000000000110,https://www.ahajournals.org/doi/10.1161/HCQ.0000000000000110,10.1161/HCQ.0000000000000110,Kovacs AH et al. Circ Cardiovasc Qual Outcomes 2022;15:e000110.
aha-2018-genetic-basis-chd,US,2018,AHA (endorsed by AAP),遺伝・発達,先天性心疾患の遺伝的基盤：再考（AHA科学声明）,Genetic Basis for Congenital Heart Disease: Revisited: A Scientific Statement From the AHA,en,https://www.ahajournals.org/doi/pdf/10.1161/CIR.0000000000000606,https://www.ahajournals.org/doi/10.1161/CIR.0000000000000606,10.1161/CIR.0000000000000606,Pierpont ME et al. Circulation 2018;138:e653-e711.
aha-2018-turner-syndrome,US,2018,AHA,遺伝・発達,ターナー症候群の心血管の健康（AHA科学声明）,Cardiovascular Health in Turner Syndrome: A Scientific Statement From the AHA,en,https://www.ahajournals.org/doi/pdf/10.1161/HCG.0000000000000048,https://www.ahajournals.org/doi/10.1161/HCG.0000000000000048,10.1161/HCG.0000000000000048,Silberbach M et al. Circ Genom Precis Med 2018;11:e000048.
aha-2012-neurodevelopmental-outcomes,US,2012,AHA (endorsed by AAP),遺伝・発達,先天性心疾患小児の神経発達転帰：評価と管理（AHA科学声明）,Neurodevelopmental Outcomes in Children With Congenital Heart Disease: Evaluation and Management: A Scientific Statement From the AHA,en,https://www.ahajournals.org/doi/pdf/10.1161/CIR.0b013e318265ee8a,https://www.ahajournals.org/doi/10.1161/CIR.0b013e318265ee8a,10.1161/CIR.0b013e318265ee8a,Marino BS et al. Circulation 2012;126:1143-1172.
aha-2007-noninherited-risk-factors,US,2007,AHA (endorsed by AAP),遺伝・発達,非遺伝性リスク因子と先天性心血管異常：現在の知見（AHA科学声明）,Noninherited Risk Factors and Congenital Cardiovascular Defects: Current Knowledge: A Scientific Statement From the AHA,en,https://www.ahajournals.org/doi/pdf/10.1161/CIRCULATIONAHA.106.183216,https://www.ahajournals.org/doi/10.1161/CIRCULATIONAHA.106.183216,10.1161/CIRCULATIONAHA.106.183216,Jenkins KJ et al. Circulation 2007;115:2995-3014; co-published Pediatrics 2007;120:445.
aepc-2024-childhood-cancer-survivors,EU,2024,AEPC WG Sports Cardiology / ACHD / Imaging / Heart Failure,その他,小児がんサバイバーの心疾患サーベイランスと予防に関するAEPC実践勧告(2024),AEPC practical recommendations for surveillance and prevention of cardiac disease in childhood cancer survivors: the importance of physical activity and lifestyle changes,en,https://pubmed.ncbi.nlm.nih.gov/38174736/,https://pubmed.ncbi.nlm.nih.gov/38174736/,,Eur J Prev Cardiol 2024. PMID 38174736; DOI not captured.
dgpk-praevention,EU,2023,DGPK (Deutsche Gesellschaft für Pädiatrische Kardiologie und Angeborene Herzfehler) / AWMF,その他,小児期の心血管疾患予防,S2k-Leitlinie: Prävention kardiovaskulärer Erkrankungen im Kindes- und Jugendalter,de,https://register.awmf.org/assets/guidelines/023-049l_S2k_Praevention-kardiovaskulaerer-Erkrankungen-im-Kindes-und-Jugendalter__2023-12.pdf,https://register.awmf.org/de/leitlinien/detail/023-049,,AWMF-Register 023-049. S2k-Leitlinie.
dgpk-thoraxschmerz,EU,2020,DGPK (Deutsche Gesellschaft für Pädiatrische Kardiologie und Angeborene Herzfehler) / AWMF,その他,小児期の胸痛,S2k-Leitlinie: Thoraxschmerzen im Kindes- und Jugendalter,de,https://register.awmf.org/assets/guidelines/023-003l_S2k_Thoraxschmerzen_im_Kindes-_und_Jugendalter_2020-08.pdf,https://register.awmf.org/de/leitlinien/detail/023-003,,AWMF-Register 023-003. S2k-Leitlinie.
aepc-2020-basic-training,EU,2020,AEPC,その他,小児・先天性心臓病専門医の基本研修に関するAEPC勧告2020,Association for European Paediatric and Congenital Cardiology recommendations for basic training in paediatric and congenital cardiology 2020,en,https://www.cambridge.org/core/journals/cardiology-in-the-young/article/association-for-european-paediatric-and-congenital-cardiology-recommendations-for-basic-training-in-paediatric-and-congenital-cardiology-2020/441B1221E5210C579E48DAD050F84B82,https://www.cambridge.org/core/journals/cardiology-in-the-young/article/association-for-european-paediatric-and-congenital-cardiology-recommendations-for-basic-training-in-paediatric-and-congenital-cardiology-2020/441B1221E5210C579E48DAD050F84B82,,Cardiol Young 2020 (open access on Cambridge Core). DOI not captured. AEPC recommendations index: https://www.aepc.org/recommendations-guidelines
aepc-2023-training-interventional-cath,EU,2023,AEPC Interventional Cardiology WG,カテーテル治療,先天性心疾患カテーテル治療研修に関するAEPC勧告(2023),AEPC recommendations for training in interventional catheterisation for CHD,en,https://www.cambridge.org/core/journals/cardiology-in-the-young/article/aepc-recommendations-for-training-in-interventional-catheterisation-for-chd/39F969FADA832C6034162FB48AEEED90,https://www.cambridge.org/core/journals/cardiology-in-the-young/article/aepc-recommendations-for-training-in-interventional-catheterisation-for-chd/39F969FADA832C6034162FB48AEEED90,,Cardiol Young 2023. DOI not captured.
dgpk-aortenklappenstenose,EU,2022,DGPK (Deutsche Gesellschaft für Pädiatrische Kardiologie und Angeborene Herzfehler) / AWMF,カテーテル治療,先天性大動脈弁狭窄,S2k-Leitlinie: Kongenitale Aortenklappenstenose,de,https://register.awmf.org/assets/guidelines/023-047l_S2k_Kongenitale-Aortenklappenstenose_2022-01.pdf,https://register.awmf.org/de/leitlinien/detail/023-047,,AWMF-Register 023-047. S2k-Leitlinie.
dgpk-asd,EU,2020,DGPK (Deutsche Gesellschaft für Pädiatrische Kardiologie und Angeborene Herzfehler) / AWMF,カテーテル治療,心房中隔欠損,S2k-Leitlinie: Vorhofseptumdefekt im Kindes- und Jugendalter,de,https://register.awmf.org/assets/guidelines/023-011l_S2k_Vorhofseptumdefekt_Kinder_Jugendliche_2020-11.pdf,https://register.awmf.org/de/leitlinien/detail/023-011,,AWMF-Register 023-011. S2k-Leitlinie.
dgpk-pda,EU,2019,DGPK (Deutsche Gesellschaft für Pädiatrische Kardiologie und Angeborene Herzfehler) / AWMF,カテーテル治療,動脈管開存,S2k-Leitlinie: Persistierender Ductus arteriosus im Kindes- und Jugendalter,de,https://register.awmf.org/de/leitlinien/detail/023-014,https://register.awmf.org/de/leitlinien/detail/023-014,,AWMF-Register 023-014. S2k-Leitlinie. Direct PDF filename not captured; download from AWMF landing page. Year approximate; revision registered.
dgpk-valvulaere-pulmonalstenose,EU,2018,DGPK (Deutsche Gesellschaft für Pädiatrische Kardiologie und Angeborene Herzfehler) / AWMF,カテーテル治療,弁性肺動脈狭窄,"S2k-Leitlinie: Valvuläre Pulmonalstenose im Kindes-, Jugend- und jungen Erwachsenenalter",de,https://register.awmf.org/assets/guidelines/023-007l_S2k_Valvulaere_Pulmonalstenose_2018-09.pdf,https://register.awmf.org/de/leitlinien/detail/023-007,,AWMF-Register 023-007. S2k-Leitlinie.
dgpk-periphere-ps,EU,2018,DGPK (Deutsche Gesellschaft für Pädiatrische Kardiologie und Angeborene Herzfehler) / AWMF,カテーテル治療,末梢性肺動脈狭窄,S2k-Leitlinie: Periphere Pulmonalarterienstenosen im Kindes- und Jugendalter,de,https://register.awmf.org/assets/guidelines/023-035l_S2k_Periphere_Pulmonalarterienstenosen_2018-09.pdf,https://register.awmf.org/de/leitlinien/detail/023-035,,AWMF-Register 023-035. S2k-Leitlinie.
esc-2022-va-scd,EU,2022,ESC (European Society of Cardiology),不整脈,ESC心室性不整脈・心臓突然死予防ガイドライン2022,2022 ESC Guidelines for the management of patients with ventricular arrhythmias and the prevention of sudden cardiac death,en,https://doi.org/10.1093/eurheartj/ehac262,https://academic.oup.com/eurheartj/article/43/40/3997/6675633,10.1093/eurheartj/ehac262,Zeppenfeld K et al. Eur Heart J 2022;43:3997-4126. Endorsed by AEPC; contains paediatric and CHD sections.
esc-2021-pacing,EU,2021,ESC (European Society of Cardiology),不整脈,ESCペーシング・CRTガイドライン2021,2021 ESC Guidelines on cardiac pacing and cardiac resynchronization therapy,en,https://doi.org/10.1093/eurheartj/ehab364,https://doi.org/10.1093/eurheartj/ehab364,10.1093/eurheartj/ehab364,Glikson M et al. Eur Heart J 2021;42:3427-3520. Contains section on pacing in paediatric patients and CHD. Recorded from prior knowledge (search budget exhausted); DOI reliable.
dgpk-synkope,EU,2020,DGPK (Deutsche Gesellschaft für Pädiatrische Kardiologie und Angeborene Herzfehler) / AWMF,不整脈,小児期の失神,S2k-Leitlinie: Synkope im Kindes- und Jugendalter,de,https://register.awmf.org/assets/guidelines/023-004l_S2k_Synkope_im_Kindes-_und_Jugendalter_2020-07.pdf,https://register.awmf.org/de/leitlinien/detail/023-004,,AWMF-Register 023-004. S2k-Leitlinie. Marked as >5 years old / under revision (2025).
aepc-training-electrophysiology,EU,2020,AEPC Arrhythmia WG,不整脈,小児EP診断・介入研修に関するAEPC勧告,Recommendations from the Association for European Paediatric and Congenital Cardiology for training in diagnostic and interventional electrophysiology,en,https://www.cambridge.org/core/journals/cardiology-in-the-young/article/abs/recommendations-from-the-association-for-european-paediatric-and-congenital-cardiology-for-training-in-diagnostic-and-interventional-electrophysiology/BEE8682663345178DA3E9F14C61C7117,https://www.cambridge.org/core/journals/cardiology-in-the-young/article/abs/recommendations-from-the-association-for-european-paediatric-and-congenital-cardiology-for-training-in-diagnostic-and-interventional-electrophysiology/BEE8682663345178DA3E9F14C61C7117,,Cardiol Young. Year approximate; DOI not captured.
dgpk-tachykardie,EU,2019,DGPK (Deutsche Gesellschaft für Pädiatrische Kardiologie und Angeborene Herzfehler) / AWMF,不整脈,小児・若年成人の頻脈性不整脈,"S2k-Leitlinie: Tachykarde Herzrhythmusstörungen im Kindes-, Jugend- und jungen Erwachsenenalter (EMAH-Patienten)",de,https://register.awmf.org/assets/guidelines/023-022l_S2k_Tachykarde_Herzrhythmusstoerungen-Kinder-Jugendliche-junge-Erwachsene_2019-04.pdf,https://register.awmf.org/de/leitlinien/detail/023-022,,AWMF-Register 023-022. S2k-Leitlinie.
dgpk-bradykardie,EU,2019,DGPK (Deutsche Gesellschaft für Pädiatrische Kardiologie und Angeborene Herzfehler) / AWMF,不整脈,小児・若年成人の徐脈性不整脈,"S2k-Leitlinie: Bradykarde Herzrhythmusstörungen im Kindes-, Jugend- und jungen Erwachsenenalter (EMAH)",de,https://register.awmf.org/assets/guidelines/023-023l_S2k_Bradykarde-Herzrhythmusstoerungen-Kinder-Jugendliche_junge_Erwachsenen-EMAH_2019-10.pdf,https://register.awmf.org/de/leitlinien/detail/023-023,,AWMF-Register 023-023. S2k-Leitlinie.
esc-2018-syncope,EU,2018,ESC (European Society of Cardiology),不整脈,ESC失神ガイドライン2018,2018 ESC Guidelines for the diagnosis and management of syncope,en,https://doi.org/10.1093/eurheartj/ehy037,https://doi.org/10.1093/eurheartj/ehy037,10.1093/eurheartj/ehy037,Brignole M et al. Eur Heart J 2018;39:1883-1948. Includes paediatric syncope section. Recorded from prior knowledge; DOI reliable.
ehra-aepc-esc-2018-arrhythmias-chd,EU,2018,EHRA / AEPC / ESC WG GUCH,不整脈,先天性心疾患における不整脈(EHRA/AEPC/ESC 2018),"Arrhythmias in congenital heart disease: a position paper of the EHRA, AEPC, and the ESC WG on Grown-up Congenital Heart Disease, endorsed by HRS, PACES, APHRS, and SOLAECE",en,https://www.hrsonline.org/wp-content/uploads/2025/02/EHRA-Arrhythmias-in-Congenital-Heart-Disease.pdf,https://academic.oup.com/europace/article/20/11/1719/4944677,10.1093/europace/eux380,Hernandez-Madrid A et al. Europace 2018;20:1719-1753. URL is HRS-hosted PDF.
ehra-aepc-2013-paediatric-arrhythmia-therapy,EU,2013,EHRA / AEPC Arrhythmia WG,不整脈,小児不整脈の薬物・非薬物治療(EHRA/AEPC 2013),Pharmacological and non-pharmacological therapy for arrhythmias in the pediatric population: EHRA and AEPC-Arrhythmia Working Group joint consensus statement,en,https://doi.org/10.1093/europace/eut082,https://academic.oup.com/europace/article/15/9/1337/486169,10.1093/europace/eut082,Brugada J et al. Europace 2013;15:1337-1382.
dgpk-pa-vsd,EU,2024,DGPK (Deutsche Gesellschaft für Pädiatrische Kardiologie und Angeborene Herzfehler) / AWMF,外科治療,心室中隔欠損を伴う肺動脈閉鎖,S2k-Leitlinie: Pulmonalatresie mit Ventrikelseptumdefekt,de,https://register.awmf.org/assets/guidelines/023-018l_S2k_Pulmonalatresie-mit-Ventrikelseptumdefekt_2024-01.pdf,https://register.awmf.org/de/leitlinien/detail/023-018,,AWMF-Register 023-018. S2k-Leitlinie.
dgpk-aortenklappeninsuffizienz,EU,2024,DGPK (Deutsche Gesellschaft für Pädiatrische Kardiologie und Angeborene Herzfehler) / AWMF,外科治療,小児の大動脈弁閉鎖不全と弁置換,S2k-Leitlinie: Aortenklappeninsuffizienz und Aortenklappenersatz im Kindes- und Jugendalter,de,https://register.awmf.org/assets/guidelines/023-034l_S2k_Aortenklappeninsuffizienz-Aortenklappenersatz-Kinder-Jugendliche_2024-05.pdf,https://register.awmf.org/de/leitlinien/detail/023-034,,AWMF-Register 023-034. S2k-Leitlinie.
esc-2024-aortic,EU,2024,ESC (European Society of Cardiology),外科治療,ESC末梢動脈・大動脈疾患ガイドライン2024,2024 ESC Guidelines for the management of peripheral arterial and aortic diseases,en,https://doi.org/10.1093/eurheartj/ehae179,https://academic.oup.com/eurheartj/article/45/36/3538/7738955,10.1093/eurheartj/ehae179,"Mazzolai L et al. Eur Heart J 2024;45:3538-3700. Covers coarctation, bicuspid aortopathy, heritable aortopathies."
dgpk-hlhs,EU,2023,DGPK (Deutsche Gesellschaft für Pädiatrische Kardiologie und Angeborene Herzfehler) / AWMF,外科治療,左心低形成症候群,S2k-Leitlinie: Hypoplastisches Linksherzsyndrom / Hypoplastischer Linksherzkomplex im Kindes- und Jugendalter,de,https://register.awmf.org/assets/guidelines/023-030l_S2k_Hypoplastisches-Linksherzsyndrom-Hypoplastischer-Linksherzkomplex-Kinder-Jugendliche_2023-01.pdf,https://register.awmf.org/de/leitlinien/detail/023-030,,AWMF-Register 023-030. S2k-Leitlinie. Also at https://www.dgpk.org/wp-content/uploads/LL-HLHS_19.1_final_2022_11_23.pdf
dgpk-fallot,EU,2022,DGPK (Deutsche Gesellschaft für Pädiatrische Kardiologie und Angeborene Herzfehler) / AWMF,外科治療,ファロー四徴症,S2k-Leitlinie: Fallot'sche Tetralogie,de,https://register.awmf.org/assets/guidelines/023-015l_S2k_Fallotsche-Tetralogie_2022-01.pdf,https://register.awmf.org/de/leitlinien/detail/023-015,,AWMF-Register 023-015. S2k-Leitlinie.
dgpk-dorv,EU,2022,DGPK (Deutsche Gesellschaft für Pädiatrische Kardiologie und Angeborene Herzfehler) / AWMF,外科治療,両大血管右室起始,S2k-Leitlinie: Double Outlet Right Ventricle (DORV),de,https://register.awmf.org/assets/guidelines/023-017l_S2k_Double-Outlet-Right-Ventricle-DORV_2022-01.pdf,https://register.awmf.org/de/leitlinien/detail/023-017,,AWMF-Register 023-017. S2k-Leitlinie.
dgpk-trikuspidalatresie,EU,2022,DGPK (Deutsche Gesellschaft für Pädiatrische Kardiologie und Angeborene Herzfehler) / AWMF,外科治療,三尖弁閉鎖,S2k-Leitlinie: Trikuspidalatresie im Kindes- und Jugendalter,de,https://register.awmf.org/assets/guidelines/023-020l_S2k_Trikuspidalatresie-Kinder-Jugendliche_2022-12.pdf,https://register.awmf.org/de/leitlinien/detail/023-020,,AWMF-Register 023-020. S2k-Leitlinie.
dgpk-ebstein,EU,2021,DGPK (Deutsche Gesellschaft für Pädiatrische Kardiologie und Angeborene Herzfehler) / AWMF,外科治療,エプスタイン奇形,S2k-Leitlinie: Ebstein-Anomalie der Trikuspidalklappe,de,https://register.awmf.org/assets/guidelines/023-041l_S2k_Ebstein-Anomalie-der-Trikuspidalklappe_2022-01-abgelaufen.pdf,https://register.awmf.org/de/leitlinien/detail/023-041,,AWMF-Register 023-041. S2k-Leitlinie. Version 2.0 (2021). Filename captured carries '-abgelaufen' suffix; a current file without suffix may exist.
dgpk-cctga,EU,2021,DGPK (Deutsche Gesellschaft für Pädiatrische Kardiologie und Angeborene Herzfehler) / AWMF,外科治療,修正大血管転位,S2k-Leitlinie: Kongenital korrigierte Transposition der großen Arterien (cc-TGA),de,https://register.awmf.org/assets/guidelines/023-048l_S2k_Kongenital-korrigierte-Transposition-der-gro%C3%9Fen-Arterien-cc-TGA_2021-10.pdf,https://register.awmf.org/de/leitlinien/detail/023-048,,AWMF-Register 023-048. S2k-Leitlinie.
dgpk-vsd,EU,2020,DGPK (Deutsche Gesellschaft für Pädiatrische Kardiologie und Angeborene Herzfehler) / AWMF,外科治療,単独心室中隔欠損,S2k-Leitlinie: Der isolierte Ventrikelseptumdefekt,de,https://register.awmf.org/assets/guidelines/023-012l_S2k_Isolierter-Ventrikelseptumdefekt_2020-06.pdf,https://register.awmf.org/de/leitlinien/detail/023-012,,AWMF-Register 023-012. S2k-Leitlinie.
dgpk-avsd,EU,2020,DGPK (Deutsche Gesellschaft für Pädiatrische Kardiologie und Angeborene Herzfehler) / AWMF,外科治療,房室中隔欠損,S2k-Leitlinie: Atrioventrikuläre Septumdefekte (AVSD),de,https://register.awmf.org/assets/guidelines/023-013l_S2k_Atrioventrikul%C3%A4rer_Septumdefekt_AVSD_2020-07.pdf,https://register.awmf.org/de/leitlinien/detail/023-013,,AWMF-Register 023-013. S2k-Leitlinie.
dgpk-tga,EU,2020,DGPK (Deutsche Gesellschaft für Pädiatrische Kardiologie und Angeborene Herzfehler) / AWMF,外科治療,完全大血管転位,S2k-Leitlinie: Transposition der großen Arterien (TGA) im Kindes- und Jugendalter,de,https://register.awmf.org/de/leitlinien/detail/023-016,https://register.awmf.org/de/leitlinien/detail/023-016,,AWMF-Register 023-016. S2k-Leitlinie. Direct PDF filename not captured; download from AWMF landing page. Year approximate.
dgpk-truncus,EU,2020,DGPK (Deutsche Gesellschaft für Pädiatrische Kardiologie und Angeborene Herzfehler) / AWMF,外科治療,総動脈幹症,S2k-Leitlinie: Truncus arteriosus communis (TAC) im Kindes- und Jugendalter,de,https://register.awmf.org/assets/guidelines/023-043l_S2k_Truncus_arteriosus_communis_TAC_Kinder_Jugendliche_2020-08.pdf,https://register.awmf.org/de/leitlinien/detail/023-043,,AWMF-Register 023-043. S2k-Leitlinie.
dgpk-svas,EU,2019,DGPK (Deutsche Gesellschaft für Pädiatrische Kardiologie und Angeborene Herzfehler) / AWMF,外科治療,弁上部大動脈狭窄,"S2k-Leitlinie: Supravalvuläre Aortenstenose (SVAS) im Kindes-, Jugend- und jungen Erwachsenenalter",de,https://register.awmf.org/assets/guidelines/023-009l_S2k_Supravalvulaere_Aortenstenose_SVAS_Kinder_Jugendliche_2019-10.pdf,https://register.awmf.org/de/leitlinien/detail/023-009,,AWMF-Register 023-009. S2k-Leitlinie.
dgpk-aortenisthmusstenose,EU,2018,DGPK (Deutsche Gesellschaft für Pädiatrische Kardiologie und Angeborene Herzfehler) / AWMF,外科治療,小児期の大動脈縮窄,S2k-Leitlinie: Aortenisthmusstenose im Kindes- und Jugendalter,de,https://register.awmf.org/assets/guidelines/023-010l_S2k_Aortenisthmusstenose_Kinder_Jugendliche_2018-07.docx.pdf,https://register.awmf.org/de/leitlinien/detail/023-010,,AWMF-Register 023-010. S2k-Leitlinie. Under revision (2024/25).
dgpk-pa-ivs,EU,2015,DGPK (Deutsche Gesellschaft für Pädiatrische Kardiologie und Angeborene Herzfehler) / AWMF,外科治療,純型肺動脈閉鎖,S2k-Leitlinie: Pulmonalatresie mit intaktem Ventrikelseptum (PA-IVS),de,https://register.awmf.org/assets/guidelines/023-019l_S2k_Pulmonalatresie_intaktes_Ventrikelseptum_PA-IVS_2015-06-abgelaufen.pdf,https://register.awmf.org/de/leitlinien/detail/023-019,,AWMF-Register 023-019. S2k-Leitlinie. Expired version; revision in progress.
dgpk-tapvc,EU,2015,DGPK (Deutsche Gesellschaft für Pädiatrische Kardiologie und Angeborene Herzfehler) / AWMF,外科治療,総肺静脈還流異常,S2k-Leitlinie: Totale Lungenvenenfehleinmündung (TAPVC) im Kindes- und Jugendalter,de,https://www.dgpk.org/wp-content/uploads/LL_Lungenvenenfehlmuendung-final_10-15.pdf,https://register.awmf.org/de/leitlinien/detail/023-021,,AWMF-Register 023-021. S2k-Leitlinie. 2015 version (partial and total APVC) on dgpk.org; a newer file 'Leitlinie-TAPVD-final.pdf' also exists at https://www.dgpk.org/wp-content/uploads/Leitlinie-TAPVD-final.pdf (date not captured). Revision registered at AWMF.
eacts-aepc-2003-congenital-surgery-department,EU,2003,EACTS / AEPC,外科治療,欧州における先天性心臓外科部門の最適構造(EACTS/AEPC 2003),Optimal structure of a congenital heart surgery department in Europe (EACTS Congenital Heart Disease Committee / AEPC),en,https://academic.oup.com/ejcts,https://academic.oup.com/ejcts,,Daenen W et al. Eur J Cardiothorac Surg 2003;24:343-351. Recorded from prior knowledge; DOI/landing not captured (search budget exhausted).
esc-2018-pregnancy,EU,2018,ESC (European Society of Cardiology),妊娠・出産,ESC妊娠中の心血管疾患管理ガイドライン2018,2018 ESC Guidelines for the management of cardiovascular diseases during pregnancy,en,https://doi.org/10.1093/eurheartj/ehy340,https://academic.oup.com/eurheartj/article/39/34/3165/5078465,10.1093/eurheartj/ehy340,Regitz-Zagrosek V et al. Eur Heart J 2018;39:3165-3241. No open mirror PDF captured; use DOI / OUP article-pdf.
dgpk-sport,EU,2022,DGPK (Deutsche Gesellschaft für Pädiatrische Kardiologie und Angeborene Herzfehler) / AWMF,学校・スポーツ,先天性・後天性心疾患とスポーツ,S2k-Leitlinie: Sport bei angeborenen und erworbenen Herzerkrankungen,de,https://register.awmf.org/assets/guidelines/023-042l_S2k_Sport-bei-angeborenen-und-erworbenen-Herzerkrankungen_2022-12.pdf,https://register.awmf.org/de/leitlinien/detail/023-042,,AWMF-Register 023-042. S2k-Leitlinie.
esc-2020-sports,EU,2020,ESC (European Society of Cardiology),学校・スポーツ,ESCスポーツ心臓病学・運動ガイドライン2020,2020 ESC Guidelines on sports cardiology and exercise in patients with cardiovascular disease,en,https://www.revespcardiol.org/en-pdf-S1885585721001560,https://academic.oup.com/eurheartj/article/42/1/17/5898937,10.1093/eurheartj/ehaa605,Pelliccia A et al. Eur Heart J 2021;42:17-96. Includes ACHD chapter. URL is the Rev Esp Cardiol (Engl Ed) reprint PDF.
eapc-esc-aepc-2020-competitive-sport-chd,EU,2020,EAPC / ESC WG ACHD / AEPC,学校・スポーツ,先天性心疾患患者の競技スポーツ参加勧告(EAPC/ESC/AEPC 2020),"Recommendations for participation in competitive sport in adolescent and adult athletes with congenital heart disease: position statement of the EAPC Sports Cardiology & Exercise Section, the ESC WG on ACHD and the AEPC Sports Cardiology WG",en,https://doi.org/10.1093/eurheartj/ehaa501,https://academic.oup.com/eurheartj/article/41/43/4191/5897398,10.1093/eurheartj/ehaa501,Budts W et al. Eur Heart J 2020;41:4191-4199. PMID 32845299. DOI recorded from prior knowledge.
esc-aepc-2013-physical-activity-chd,EU,2013,ESC Working Group on GUCH / AEPC,学校・スポーツ,先天性心疾患患者の身体活動:個別運動処方(ESC/AEPC 2013),Physical activity in adolescents and adults with congenital heart defects: individualized exercise prescription (ESC WG ACHD / AEPC),en,https://doi.org/10.1093/eurheartj/eht433,https://academic.oup.com/eurheartj/article/34/47/3669/620377,10.1093/eurheartj/eht433,Budts W et al. Eur Heart J 2013;34:3669-3674. DOI recorded from prior knowledge.
eacpr-aepc-2012-exercise-paediatric-chd,EU,2012,EACPR / European Congenital Heart and Lung Exercise Group / AEPC,学校・スポーツ,小児先天性心疾患患者の身体活動・スポーツ・運動療法勧告(2012),"Recommendations for physical activity, recreation sport, and exercise training in paediatric patients with congenital heart disease (EACPR / ECHLEG / AEPC)",en,https://doi.org/10.1177/1741826711420000,https://pubmed.ncbi.nlm.nih.gov/23126001/,10.1177/1741826711420000,Takken T et al. Eur J Prev Cardiol 2012;19:1034-1065.
esc-2005-preparticipation-screening,EU,2005,ESC Study Group of Sports Cardiology,学校・スポーツ,若年競技者の心血管スクリーニング(ESC 2005),Cardiovascular pre-participation screening of young competitive athletes for prevention of sudden death: proposal for a common European protocol,en,https://doi.org/10.1093/eurheartj/ehi108,https://doi.org/10.1093/eurheartj/ehi108,10.1093/eurheartj/ehi108,Corrado D et al. Eur Heart J 2005;26:516-524. Recorded from prior knowledge.
dgpk-gkjr-kawasaki,EU,2021,GKJR (Gesellschaft für Kinder- und Jugendrheumatologie) & DGPK / AWMF,川崎病,川崎病,S2k-Leitlinie: Kawasaki-Syndrom (AWMF 185-003),de,https://register.awmf.org/assets/guidelines/185-003l_S2k_Kawasaki-Syndrom_2021-01.pdf,https://register.awmf.org/de/leitlinien/detail/185-003,,"Interdisciplinary S2k guideline; abridged update published in Monatsschr Kinderheilkd 2022 (doi 10.1007/s00112-022-01490-z, Springer PDF https://link.springer.com/content/pdf/10.1007/s00112-022-01490-z.pdf)."
share-2019-kawasaki,EU,2019,SHARE (Single Hub and Access point for paediatric Rheumatology in Europe),川崎病,川崎病の診断と治療に関する欧州コンセンサス勧告(SHARE 2019),European consensus-based recommendations for the diagnosis and treatment of Kawasaki disease - the SHARE initiative,en,https://doi.org/10.1093/rheumatology/key344,https://doi.org/10.1093/rheumatology/key344,10.1093/rheumatology/key344,de Graeff N et al. Rheumatology (Oxford) 2019;58:672-682. Open access (PMC). Recorded from prior knowledge.
sip-2018-kawasaki-italy,EU,2018,Società Italiana di Pediatrica (SIP),川崎病,イタリア小児科学会 川崎病ガイドライン(2018),"Kawasaki disease: guidelines of the Italian Society of Pediatrics, part I - definition, epidemiology, etiopathogenesis, clinical expression and management of the acute phase",en,https://doi.org/10.1186/s13052-018-0536-3,https://doi.org/10.1186/s13052-018-0536-3,10.1186/s13052-018-0536-3,Marchesi A et al. Ital J Pediatr 2018;44:102 (open access; part II doi 10.1186/s13052-018-0529-2). Recorded from prior knowledge.
esc-2025-myocarditis-pericarditis,EU,2025,ESC (European Society of Cardiology),心不全,ESC心筋炎・心膜炎ガイドライン2025,2025 ESC Guidelines for the management of myocarditis and pericarditis,en,https://www.sicardiologia.it/wp-content/uploads/2025/09/ehaf192.pdf,https://academic.oup.com/eurheartj/article/46/40/3952/8234483,10.1093/eurheartj/ehaf192,Eur Heart J 2025;46:3952-4041. Endorsed by AEPC & EACTS; paediatric recommendations included. URL is SIC (Italy) mirror; ESC slide set: https://www.escardio.org/static-file/Escardio/Guidelines/Products/Slide%20sets/2025/2025%20official%20slides_MyoPeri.pdf
dgpk-kardiomyopathien,EU,2024,DGPK (Deutsche Gesellschaft für Pädiatrische Kardiologie und Angeborene Herzfehler) / AWMF,心不全,小児期の原発性心筋症,S2k-Leitlinie: Primäre Kardiomyopathien im Kindes- und Jugendalter,de,https://register.awmf.org/assets/guidelines/023-029l_S2k_Primaere-Kardiomyopathien-Kinder-Jugendliche__2024-05.pdf,https://register.awmf.org/de/leitlinien/detail/023-029,,AWMF-Register 023-029. S2k-Leitlinie. Also at https://www.dgpk.org/wp-content/uploads/DGPK_LL_Kardiomyopathien_Rev-final-Maerz-2024.pdf
esc-2023-cardiomyopathies,EU,2023,ESC (European Society of Cardiology),心不全,ESC心筋症ガイドライン2023,2023 ESC Guidelines for the management of cardiomyopathies,en,https://forening.sls.se/media/grpklbcu/2023-esc-guidelines.pdf,https://academic.oup.com/eurheartj/article/44/37/3503/7246608,10.1093/eurheartj/ehad194,Arbelo E et al. Eur Heart J 2023;44:3503-3626. Life-course (incl. paediatric) cardiomyopathy guideline. URL is a mirror PDF (Swedish Society of Medicine).
dgpk-myokarditis,EU,2022,DGPK (Deutsche Gesellschaft für Pädiatrische Kardiologie und Angeborene Herzfehler) / AWMF,心不全,小児期の心筋炎,S2k-Leitlinie: Myokarditis im Kindes- und Jugendalter,de,https://register.awmf.org/assets/guidelines/023-025l_S2k_Myokarditis-im-Kindes-und-Jugendalter_2022-10.pdf,https://register.awmf.org/de/leitlinien/detail/023-025,,AWMF-Register 023-025. S2k-Leitlinie.
dgpk-akute-herzinsuffizienz-mcs,EU,2021,DGPK (Deutsche Gesellschaft für Pädiatrische Kardiologie und Angeborene Herzfehler) / AWMF,心不全,小児の急性心不全と機械的循環補助,S2k-Leitlinie: Akute Herzinsuffizienz und mechanische Kreislaufunterstützung im Kindes- und Jugendalter,de,https://register.awmf.org/assets/guidelines/023-032l_S2k_Akute-Herzinsuffizienz-mechanische-Kreislaufunterstuetzung__2021-02.pdf,https://register.awmf.org/de/leitlinien/detail/023-032,,AWMF-Register 023-032. S2k-Leitlinie.
dgpk-herztransplantation,EU,2020,DGPK (Deutsche Gesellschaft für Pädiatrische Kardiologie und Angeborene Herzfehler) / AWMF,心不全,小児・若年成人・ACHDの心移植,"S2k-Leitlinie: Herztransplantation im Kindes-, Jugend- und jungen Erwachsenenalter sowie bei EMAH",de,https://register.awmf.org/assets/guidelines/023-046l_S2k_Herztransplantation-Kinder-Jugendliche_Erwachsene-EMAH-angeborene-Herzfehler_2024-12-abgelaufen.pdf,https://register.awmf.org/de/leitlinien/detail/023-046,,AWMF-Register 023-046. S2k-Leitlinie. Published 2020; file carries '-abgelaufen' suffix (validity expired 12/2024).
eacts-2019-long-term-mcs,EU,2019,EACTS,心不全,長期機械的循環補助に関するEACTSエキスパートコンセンサス(2019),2019 EACTS Expert Consensus on long-term mechanical circulatory support,en,https://doi.org/10.1093/ejcts/ezz098,https://doi.org/10.1093/ejcts/ezz098,10.1093/ejcts/ezz098,Potapov EV et al. Eur J Cardiothorac Surg 2019;56:230-270. Includes paediatric/CHD MCS section. Recorded from prior knowledge.
dgpk-chronische-herzinsuffizienz,EU,2015,DGPK (Deutsche Gesellschaft für Pädiatrische Kardiologie und Angeborene Herzfehler) / AWMF,心不全,小児期の慢性心不全,S2k-Leitlinie: Chronische Herzinsuffizienz im Kindes- und Jugendalter,de,https://register.awmf.org/assets/guidelines/023-006l_S2k_Chronische_Herzinsuffizienz_Kinder_Jugendliche_2015-10-abgelaufen.pdf,https://register.awmf.org/de/leitlinien/detail/023-006,,"AWMF-Register 023-006. S2k-Leitlinie. Expired 2020, under revision; file carries '-abgelaufen' suffix."
esc-2023-endocarditis,EU,2023,ESC (European Society of Cardiology),感染性心内膜炎,ESC感染性心内膜炎ガイドライン2023,2023 ESC Guidelines for the management of endocarditis,en,https://academic.oup.com/eurheartj/article-pdf/44/39/3948/54250976/ehad193.pdf,https://academic.oup.com/eurheartj/article/44/39/3948/7243107,10.1093/eurheartj/ehad193,Delgado V et al. Eur Heart J 2023;44:3948-4042. Includes CHD/paediatric section. Mirror PDFs: https://boa.unimib.it/bitstream/10281/436142/1/Delgado-2023-Eur%20Heart%20J-VoR.pdf ; https://api.iscpcardio.org/storage/guidelines/___23_ESC_Endocarditis.pdf
dgpk-endokarditis,EU,2022,DGPK (Deutsche Gesellschaft für Pädiatrische Kardiologie und Angeborene Herzfehler) / AWMF,感染性心内膜炎,小児期の感染性心内膜炎と予防,"S2k-Leitlinie: Infektiöse Endokarditis und Endokarditisprophylaxe im Kindes-, Jugend- und jungen Erwachsenenalter",de,https://register.awmf.org/assets/guidelines/023-024l_S2k_Infektioese-Endokarditis-Endokarditisprophylaxe-im-Kindes-und-Jugendalter_2022-10_03.pdf,https://register.awmf.org/de/leitlinien/detail/023-024,,AWMF-Register 023-024. S2k-Leitlinie.
nice-cg64-endocarditis-prophylaxis,EU,2008,NICE,感染性心内膜炎,NICE 感染性心内膜炎予防ガイドライン(CG64),Prophylaxis against infective endocarditis: antimicrobial prophylaxis against infective endocarditis in adults and children undergoing interventional procedures (NICE CG64),en,https://www.nice.org.uk/guidance/cg64,https://www.nice.org.uk/guidance/cg64,,"Published 2008, updated 2016 ('routinely' wording). PDF downloadable from NICE landing page. Recorded from prior knowledge."
dgk-pocket-emah-2020,EU,2021,DGK / DGPK,総合/ACHD,成人先天性心疾患ポケットガイドライン(ESC2020独語版),"Pocket-Leitlinie: Behandlung von Erwachsenen mit angeborenem Herzfehler (EMAH), Version 2020",de,https://leitlinien.dgk.org/2021/pocket-leitlinie-behandlung-von-erwachsenen-mit-angeborenem-herzfehler-emah-version-2020,https://leitlinien.dgk.org/2021/pocket-leitlinie-behandlung-von-erwachsenen-mit-angeborenem-herzfehler-emah-version-2020,,German pocket adaptation of the 2020 ESC ACHD guideline. PDF is linked from landing page (leitlinien.dgk.org).
esc-2020-achd,EU,2020,ESC (European Society of Cardiology),総合/ACHD,ESC成人先天性心疾患ガイドライン2020,2020 ESC Guidelines for the management of adult congenital heart disease,en,https://scts.org/_userfiles/pages/files/congential/achd_guidelines.pdf,https://academic.oup.com/eurheartj/article/42/6/563/5898606,10.1093/eurheartj/ehaa554,Baumgartner H et al. Eur Heart J 2021;42:563-645. Endorsed by AEPC & ISACHD. Mirror PDF at SCTS; another copy: https://pure.eur.nl/ws/files/54565552/2020_ESC_Guidelines_for_the_management_of_adult_congenital_heart_diseaseThe_Task_Force_for_the_management_of_adult_congenital_heart_disease_of_the_European_Society_of_Cardiology_ESC._Endorsed_by.pdf
ipccc-2017-nomenclature-icd11,EU,2017,ISNPCHD (AEPC/EACTS/STS nomenclature working group),総合/ACHD,国際小児・先天性心疾患コード(IPCCC)とICD-11(2017),Nomenclature for congenital and paediatric cardiac disease: the International Paediatric and Congenital Cardiac Code (IPCCC) and the Eleventh Iteration of the International Classification of Diseases (ICD-11),en,https://doi.org/10.1017/S1047951117002244,https://doi.org/10.1017/S1047951117002244,10.1017/S1047951117002244,Franklin RCG et al. Cardiol Young 2017;27:1872-1938. International (Europe-led) nomenclature standard. Recorded from prior knowledge.
nhs-england-2016-chd-standards,EU,2016,NHS England,総合/ACHD,NHSイングランド 先天性心疾患診療基準(2016),Congenital Heart Disease Standards & Specifications (Paediatric and Adult CHD services),en,https://www.england.nhs.uk/commissioning/spec-services/npc-crg/chd/,https://www.england.nhs.uk/commissioning/spec-services/npc-crg/chd/,,Service standards for level 1-3 CHD centres in England. PDF linked from landing page. Recorded from prior knowledge.
esc-wg-achd-2014-organisation-training,EU,2014,ESC Working Group on Grown-up Congenital Heart Disease,総合/ACHD,欧州ACHD診療体制と専門研修の勧告(ESC WG 2014),Recommendations for organization of care for adults with congenital heart disease and for training in the subspecialty of 'Grown-up Congenital Heart Disease' in Europe: a position paper of the ESC Working Group on GUCH,en,https://doi.org/10.1093/eurheartj/eht572,https://doi.org/10.1093/eurheartj/eht572,10.1093/eurheartj/eht572,Baumgartner H et al. Eur Heart J 2014;35:686-690. Recorded from prior knowledge.
esc-ers-2022-ph,EU,2022,ESC (European Society of Cardiology),肺高血圧,ESC/ERS肺高血圧症ガイドライン2022,2022 ESC/ERS Guidelines for the diagnosis and treatment of pulmonary hypertension,en,https://www.ovid.com/journals/eurhrt/pdf/10.1093/eurheartj/ehac237~2022-escers-guidelines-for-the-diagnosis-and-treatment-of,https://academic.oup.com/eurheartj/article/43/38/3618/6673929,10.1093/eurheartj/ehac237,Humbert M et al. Eur Heart J 2022;43:3618-3731. Contains paediatric PH section. URL is an Ovid PDF entry point.
dgpk-pulmonale-hypertonie,EU,2021,DGPK (Deutsche Gesellschaft für Pädiatrische Kardiologie und Angeborene Herzfehler) / AWMF,肺高血圧,小児・若年成人の肺高血圧,"S2k-Leitlinie: Pulmonale Hypertonie im Kindes-, Jugend- und jungen Erwachsenenalter",de,https://register.awmf.org/assets/guidelines/023-038l_S2k_Pulmonale-Hypertonie_2021-02_01.pdf,https://register.awmf.org/de/leitlinien/detail/023-038,,AWMF-Register 023-038. S2k-Leitlinie.
eppvdn-2019-paediatric-ph,EU,2019,EPPVDN / AEPC / ESPR / ISHLT,肺高血圧,小児肺高血圧症の診断と治療:EPPVDN 2019改訂コンセンサス,"2019 updated consensus statement on the diagnosis and treatment of pediatric pulmonary hypertension: The European Pediatric Pulmonary Vascular Disease Network (EPPVDN), endorsed by AEPC, ESPR and ISHLT",en,https://www.aepc.org/uploads/page/doc/130/Consensus%20statement%202019%20pediatric%20pulmonary%20hypertension%20PIIS1053249819315645.pdf,https://www.sciencedirect.com/science/article/pii/S1053249819315645,10.1016/j.healun.2019.06.022,Hansmann G et al. J Heart Lung Transplant 2019;38:879-901. URL is AEPC-hosted PDF.
eppvdn-2016-executive-summary,EU,2016,EPPVDN / ISHLT / DGPK,肺高血圧,小児肺高血圧症エキスパートコンセンサス要約(EPPVDN 2016),"Executive summary. Expert consensus statement on the diagnosis and treatment of paediatric pulmonary hypertension. The European Paediatric Pulmonary Vascular Disease Network, endorsed by ISHLT and DGPK",en,https://heart.bmj.com/content/heartjnl/102/Suppl_2/ii86.full.pdf,https://pubmed.ncbi.nlm.nih.gov/27053701/,10.1136/heartjnl-2014-307340,"Hansmann G, Apitz C. Heart 2016;102(Suppl 2):ii86-ii100. Part of an open-access Heart supplement with ~12 topic papers (diagnosis, haemodynamics, PH-CHD, treatment, BPD-PH, etc.). PDF URL follows BMJ pattern, unverified."
eppvdn-2016-treatment,EU,2016,EPPVDN / ISHLT / DGPK,肺高血圧,小児肺高血圧症の治療(EPPVDN 2016),"Treatment of children with pulmonary hypertension. Expert consensus statement on the diagnosis and treatment of paediatric pulmonary hypertension. The European Paediatric Pulmonary Vascular Disease Network, endorsed by ISHLT and DGPK",en,https://heart.bmj.com/content/heartjnl/102/Suppl_2/ii67.full.pdf,https://pubmed.ncbi.nlm.nih.gov/27053700/,10.1136/heartjnl-2015-309103,"Hansmann G, Apitz C. Heart 2016;102(Suppl 2):ii67-ii85. DOI and PDF pattern recorded from prior knowledge, unverified."
eppvdn-2016-ph-chd,EU,2016,EPPVDN / ISHLT / DGPK,肺高血圧,先天性心疾患に伴う小児肺高血圧(EPPVDN 2016),"Pulmonary hypertension in children with congenital heart disease (PAH-CHD, PPHVD-CHD). Expert consensus statement (EPPVDN)",en,https://heart.bmj.com/content/heartjnl/102/Suppl_2/ii42.full.pdf,https://doi.org/10.1136/heartjnl-2015-308378,10.1136/heartjnl-2015-308378,"Kozlik-Feldmann R et al. Heart 2016;102(Suppl 2):ii42-ii48. Recorded from prior knowledge, unverified."
aepc-2024-fetal-cardiology-training-practice,EU,2024,AEPC Fetal Cardiology WG,胎児,胎児心臓病学の研修と診療に関するAEPC勧告(2024),Recommendations for the training and practice of fetal cardiology from the Association for European Paediatric and Congenital Cardiology,en,https://www.cambridge.org/core/journals/cardiology-in-the-young/article/abs/recommendations-for-the-training-and-practice-of-fetal-cardiology-from-the-association-of-european-paediatric-cardiology/E58096926076FACE073AEF195DD460F6,https://www.cambridge.org/core/journals/cardiology-in-the-young/article/abs/recommendations-for-the-training-and-practice-of-fetal-cardiology-from-the-association-of-european-paediatric-cardiology/E58096926076FACE073AEF195DD460F6,,"Dangel JH, Clur SA, Sharland G, Herberg U. Cardiol Young 2024. PMID 39526698. DOI not captured."
isuog-2023-fetal-cardiac-screening,EU,2023,ISUOG,胎児,ISUOG胎児心臓スクリーニング実践ガイドライン(2023改訂),ISUOG Practice Guidelines (updated): fetal cardiac screening,en,https://www.isuog.org/static/a529f402-06f9-42b6-ae9abdc736c43bf2/UOG-2023-Carvalho-ISUOG-Practice-Guidelines-updated-fetal-cardiac-screening.pdf,https://obgyn.onlinelibrary.wiley.com/doi/10.1002/uog.26224,10.1002/uog.26224,Carvalho JS et al. Ultrasound Obstet Gynecol 2023;61:788-803. ISUOG is London-based; open access.
isuog-2013-fetal-heart-screening,EU,2013,ISUOG,胎児,ISUOG胎児心臓スクリーニング実践ガイドライン(2013改訂),ISUOG Practice Guidelines (updated): sonographic screening examination of the fetal heart,en,https://doi.org/10.1002/uog.12403,https://pubmed.ncbi.nlm.nih.gov/23460196/,10.1002/uog.12403,Ultrasound Obstet Gynecol 2013;41:348-359. Superseded by 2023 update; DOI from prior knowledge.
dgpk-univentrikulaeres-herz,EU,2014,DGPK (Deutsche Gesellschaft für Pädiatrische Kardiologie und Angeborene Herzfehler) / AWMF,術後管理・遠隔期,単心室,S2k-Leitlinie: Univentrikuläres Herz im Kindes- und Jugendalter,de,https://www.awmf.org/uploads/tx_szleitlinien/023-039l_S2k_Univentrikul%C3%A4res_Herz_Kinder_Jugendliche_2014-06.pdf,https://register.awmf.org/de/leitlinien/detail/023-039,,AWMF-Register 023-039. S2k-Leitlinie. Legacy awmf.org upload path; may have moved to register.awmf.org.
aepc-2011-training-paediatric-cardiac-intensive-care,EU,2011,AEPC Paediatric Cardiac Intensive Care WG,術後管理・遠隔期,小児心臓集中治療研修に関するAEPC勧告(2011),Recommendations from the Association for European Paediatric Cardiology for training in paediatric cardiac intensive care,en,https://www.cambridge.org/core/journals/cardiology-in-the-young/article/abs/recommendations-from-the-association-for-european-paediatric-cardiology-for-training-in-paediatric-cardiac-intensive-care/A87CC10E93A6BC0320399AAB65430D70,https://www.cambridge.org/core/journals/cardiology-in-the-young/article/abs/recommendations-from-the-association-for-european-paediatric-cardiology-for-training-in-paediatric-cardiac-intensive-care/A87CC10E93A6BC0320399AAB65430D70,,Cardiol Young 2011. DOI not captured.
has-2008-pnds-fallot,EU,2008,HAS (Haute Autorité de Santé) / Centre de référence M3C,術後管理・遠隔期,HAS 国家診断治療プロトコル:ファロー四徴症等複雑先天性心疾患(2008),"PNDS - ALD n°5: Cardiopathies congénitales complexes - tétralogie de Fallot, atrésie pulmonaire à septum ouvert ou agénésie des valves pulmonaires avec CIV",fr,https://www.has-sante.fr/upload/docs/application/pdf/2008-10/guide_pnds_fallot.pdf,https://www.has-sante.fr/jcms/c_699964/fr/ald-n-5-pnds-sur-cardiopathies-congenitales-complexes-tetralogie-de-fallot-atresie-pulmonaire-a-septum-ouvert-ou-agenesie-des-valves-pulmonaires-avec-communication-interventriculaire,,French national care protocol. Further M3C PNDS listed at https://www.carpedemm3c.com/recommandations-et-pnds
dgpk-zyanose,EU,2025,DGPK (Deutsche Gesellschaft für Pädiatrische Kardiologie und Angeborene Herzfehler) / AWMF,診断・画像,小児期のチアノーゼの精査,S2k-Leitlinie: Abklärung einer Zyanose im Kindes- und Jugendalter,de,https://www.dgpk.org/wp-content/uploads/2025_06_25_Leitlinie-Zyanose_final.pdf,https://register.awmf.org/de/leitlinien/detail/023-002,,AWMF-Register 023-002. S2k-Leitlinie. 2025 revision hosted on dgpk.org; older 2018 version: https://register.awmf.org/assets/guidelines/023-002l_S2k_Abklaerung-einer-Zyanose-Kinder-Jugendliche_2018-07-abgelaufen.pdf
dgpk-koronaranomalien,EU,2025,DGPK (Deutsche Gesellschaft für Pädiatrische Kardiologie und Angeborene Herzfehler) / AWMF,診断・画像,小児の冠動脈起始異常,DGPK-Leitlinie: Koronaranomalien im Kindes- und Jugendalter,de,https://www.dgpk.org/wp-content/uploads/Koronaranomalien_2025_04_09.pdf,https://www.dgpk.org/leitlinien/,,AWMF-Register 023-0xx. S2k-Leitlinie. AWMF register number not captured; document dated 25.06.24 / uploaded 04/2025 on dgpk.org (68 pages).
eacvi-esc-2021-simple-shunt-imaging,EU,2021,EACVI / ESC WG ACHD / AEPC,診断・画像,成人の単純シャント疾患の画像診断(EACVI/ESC WG ACHD 2021),"Imaging the adult with simple shunt lesions: position paper from the EACVI and the ESC WG on ACHD, endorsed by AEPC",en,https://doi.org/10.1093/ehjci/jeaa314,https://pubmed.ncbi.nlm.nih.gov/33338215/,10.1093/ehjci/jeaa314,Li W et al. Eur Heart J Cardiovasc Imaging 2021;22:e58-e70. PMID 33338215; DOI recorded from prior knowledge.
dgpk-herzgeraeusch,EU,2018,DGPK (Deutsche Gesellschaft für Pädiatrische Kardiologie und Angeborene Herzfehler) / AWMF,診断・画像,小児期の心雑音の精査,S2k-Leitlinie: Abklärung eines Herzgeräusches im Kindes- und Jugendalter,de,https://register.awmf.org/assets/guidelines/023-001l_S2k_Abklaerung_Herzgeraeusch_Kindes-Jugendalter_2018-05.pdf,https://register.awmf.org/de/leitlinien/detail/023-001,,AWMF-Register 023-001. S2k-Leitlinie.
eacvi-2018-imaging-achd,EU,2018,EACVI,診断・画像,成人先天性心疾患のマルチモダリティ画像診断(EACVI 2018),Imaging the adult with congenital heart disease: a multimodality imaging approach - position paper from the EACVI,en,https://www.heartuniversity.org/wp-content/uploads/Imaging-the-adult-with-congenital-heart-disease-a-multimodality-approach-position-statement-from-EACVI.pdf,https://academic.oup.com/ehjcimaging/article/19/10/1077/5067134,10.1093/ehjci/jey102,Di Salvo G et al. Eur Heart J Cardiovasc Imaging 2018;19:1077-1098. URL is Heart University mirror PDF.
eacvi-ase-2016-3d-echo-chd,EU,2016,EACVI / ASE,診断・画像,先天性心疾患における3D心エコー(EACVI/ASE 2016),Three-dimensional echocardiography in congenital heart disease: an expert consensus document from the EACVI and the ASE,en,https://www.asecho.org/wp-content/uploads/2025/04/3D-Echo-in-CHD-3.pdf,https://academic.oup.com/ehjcimaging/article/17/10/1071/2197177,10.1093/ehjci/jew172,Simpson J et al. Eur Heart J Cardiovasc Imaging 2016;17:1071-1097 / J Am Soc Echocardiogr 2017;30:1-27. URL is ASE-hosted PDF.
aepc-eacvi-2015-cmr-indications-children,EU,2015,AEPC Imaging WG / EACVI,診断・画像,小児先天性・後天性心疾患における心臓MRI適応(AEPC/EACVI 2015),Indications for cardiovascular magnetic resonance in children with congenital and acquired heart disease: an expert consensus paper of the Imaging WG of the AEPC and the CMR Section of the EACVI,en,https://www.ovid.com/journals/ehjci/pdf/10.1093/ehjci/jeu129~indications-for-cardiovascular-magnetic-resonance-in,https://pubmed.ncbi.nlm.nih.gov/25712078/,10.1093/ehjci/jeu129,Valsangiacomo Buechel ER et al. Eur Heart J Cardiovasc Imaging 2015;16:281-297; also Cardiol Young 2015;25:819-838.
dgpk-marfan-aortopathien,EU,2025,DGPK (Deutsche Gesellschaft für Pädiatrische Kardiologie und Angeborene Herzfehler) / AWMF,遺伝・発達,マルファン症候群と遺伝性大動脈疾患,S2k-Leitlinie: Marfan-Syndrom und hereditäre Aortopathien im Kindes- und Jugendalter,de,https://www.dgpk.org/wp-content/uploads/Aortopathien_2025_04_09.pdf,https://register.awmf.org/de/leitlinien/detail/023-050,,AWMF-Register 023-050. S2k-Leitlinie.
ehra-2022-genetic-testing,EU,2022,EHRA / HRS / APHRS / LAHRS,遺伝・発達,心疾患における遺伝子検査の現状(EHRA/HRS/APHRS/LAHRS 2022),European Heart Rhythm Association (EHRA)/HRS/APHRS/LAHRS Expert Consensus Statement on the state of genetic testing for cardiac diseases,en,https://doi.org/10.1093/europace/euac030,https://doi.org/10.1093/europace/euac030,10.1093/europace/euac030,Wilde AAM et al. Europace 2022;24:1307-1367. Includes CHD and paediatric cardiomyopathy/channelopathy sections. Recorded from prior knowledge.
acnap-esc-aepc-2021-transition,EU,2021,ESC ACNAP / ESC WG ACHD / AEPC,遺伝・発達,先天性心疾患思春期患者の移行期医療:国際コンセンサス(2021),"Transition to adulthood and transfer to adult care of adolescents with congenital heart disease: a global consensus statement of the ESC ACNAP, ESC WG ACHD, AEPC, ESPN, ISACHD and others",en,https://doi.org/10.1093/eurheartj/ehab388,https://doi.org/10.1093/eurheartj/ehab388,10.1093/eurheartj/ehab388,Moons P et al. Eur Heart J 2021;42:4213-4223. Recorded from prior knowledge (search budget exhausted); verify DOI.
